season,week,away_team,home_team,closing_spread_home,model_spread,raw_edge,norm_edge,bet_side,won
2018,17,JAX,HOU,7.0,5.24137966667719,-1.7586203333228099,-0.25123147618897285,JAX -7.0,False
2021,3,TB,LA,-1.0,-2.7662997880890945,-1.7662997880890945,-0.25232854115558495,TB +1.0,False
2021,3,NO,NE,3.0,1.2295943455619844,-1.7704056544380156,-0.2529150934911451,NO -3.0,True
2018,14,PHI,DAL,3.5,1.7272479166117287,-1.7727520833882713,-0.2532502976268959,PHI -3.5,False
2022,7,IND,TEN,2.5,0.7151942882228035,-1.7848057117771965,-0.2549722445395995,IND -2.5,False
2022,18,TEN,JAX,6.0,4.21007759603476,-1.7899224039652397,-0.25570320056646284,TEN -6.0,False
2021,16,SF,TEN,-3.5,-5.3021898152770754,-1.8021898152770754,-0.25745568789672507,SF +3.5,False
2018,7,DAL,WAS,-1.5,-3.308176827029088,-1.8081768270290879,-0.2583109752898697,DAL +1.5,False
2020,10,DEN,LV,3.5,1.690107168735315,-1.809892831264685,-0.25855611875209783,DEN -3.5,False
2021,14,ATL,CAR,2.5,0.6808473631692421,-1.8191526368307578,-0.2598789481186797,ATL -2.5,True
2022,5,SF,CAR,-6.0,-7.82382528048034,-1.8238252804803397,-0.26054646864004855,SF +6.0,True
2018,8,CLE,PIT,8.5,6.282758193488179,-2.2172418065118213,-0.26085197723668485,CLE -8.5,False
2018,9,DET,MIN,4.5,2.6730958676587973,-1.8269041323412027,-0.2609863046201718,DET -4.5,False
2021,13,DEN,KC,8.5,6.281271763346349,-2.218728236653651,-0.2610268513710178,DEN -8.5,False
2018,4,PHI,TEN,-3.0,-4.830568805661794,-1.8305688056617937,-0.26150982938025624,PHI +3.0,False
2022,18,DET,GB,5.5,3.6503298550693617,-1.8496701449306383,-0.2642385921329483,DET -5.5,True
2019,10,KC,TEN,-5.0,-6.84969096059607,-1.84969096059607,-0.2642415657994386,KC +5.0,False
2018,8,NYJ,CHI,8.5,6.252889593448959,-2.247110406551041,-0.2643659301824754,NYJ -8.5,False
2020,5,IND,CLE,1.0,-0.8566400275438071,-1.856640027543807,-0.2652342896491153,IND -1.0,False
2024,9,LV,CIN,8.0,5.867333110518546,-2.132666889481454,-0.2665833611851818,LV -8.0,False
2019,4,TEN,ATL,3.5,1.602814902889962,-1.897185097110038,-0.27102644244429114,TEN -3.5,True
2020,3,CIN,PHI,5.5,3.60038255824279,-1.89961744175721,-0.27137392025103,CIN -5.5,False
2024,13,SF,BUF,6.5,4.586729052415085,-1.9132709475849152,-0.2733244210835593,SF -6.5,False
2023,5,HOU,ATL,2.5,0.5855041377085355,-1.9144958622914645,-0.27349940889878066,HOU -2.5,False
2024,7,DET,MIN,1.0,-0.9148417111708356,-1.9148417111708356,-0.27354881588154795,DET -1.0,True
2024,4,WAS,ARI,3.5,1.5790144355929203,-1.9209855644070797,-0.27442650920101136,WAS -3.5,True
2024,2,NO,DAL,6.5,4.574676114064534,-1.925323885935466,-0.2750462694193523,NO -6.5,True
2018,7,NYG,ATL,4.5,2.574343757282076,-1.925656242717924,-0.27509374895970345,NYG -4.5,False
2020,15,BUF,DEN,-5.5,-7.436224103803426,-1.9362241038034256,-0.27660344340048937,BUF +5.5,True
2023,1,TB,MIN,4.0,2.0619460135338388,-1.9380539864661612,-0.2768648552094516,TB -4.0,True
2020,6,CHI,CAR,2.0,0.0526655320558944,-1.9473344679441056,-0.2781906382777294,CHI -2.0,True
2022,5,HOU,JAX,7.0,5.041265934333444,-1.9587340656665564,-0.27981915223807946,HOU -7.0,True
2019,5,BAL,PIT,-3.5,-5.4738651037909,-1.9738651037909003,-0.2819807291129858,BAL +3.5,True
2021,10,CAR,ARI,7.0,5.011040665798983,-1.9889593342010166,-0.28413704774300236,CAR -7.0,True
2018,7,MIN,NYJ,-3.5,-5.505891421927105,-2.005891421927105,-0.28655591741815784,MIN +3.5,True
2023,16,NO,LA,4.0,1.9795824280515688,-2.020417571948431,-0.2886310817069187,NO -4.0,False
2020,7,GB,HOU,-2.5,-4.52628495683881,-2.0262849568388104,-0.28946927954840146,GB +2.5,True
2023,8,LA,DAL,6.5,4.473666837083703,-2.0263331629162966,-0.2894761661308995,LA -6.5,False
2018,6,PIT,CIN,1.0,-1.026366721323309,-2.026366721323309,-0.2894809601890441,PIT -1.0,True
2022,16,JAX,NYJ,2.5,0.4731229531553282,-2.026877046844672,-0.28955386383495313,JAX -2.5,True
2021,16,JAX,NYJ,2.5,0.4731229531553282,-2.026877046844672,-0.28955386383495313,JAX -2.5,False
2023,17,LV,IND,3.5,1.4661164342859765,-2.0338835657140235,-0.2905547951020034,LV -3.5,False
2020,1,MIA,NE,7.5,5.309805685077899,-2.190194314922101,-0.2920259086562801,MIA -7.5,False
2022,5,CHI,MIN,10.0,7.078973495110673,-2.921026504889327,-0.2921026504889327,CHI -10.0,False
2023,1,SF,PIT,-1.5,-3.5448180426016385,-2.0448180426016385,-0.2921168632288055,SF +1.5,True
2019,17,OAK,DEN,5.5,3.4415615377973303,-2.0584384622026697,-0.29406263745752426,OAK -5.5,False
2021,11,MIA,NYJ,-3.5,-5.566857918990801,-2.0668579189908014,-0.2952654169986859,MIA +3.5,True
2022,12,NO,SF,9.5,6.694212732430891,-2.8057872675691087,-0.29534602816516936,NO -9.5,False
2021,3,PHI,DAL,3.5,1.4284321729683986,-2.0715678270316014,-0.2959382610045145,PHI -3.5,False
2023,14,PHI,DAL,3.5,1.4284321729683986,-2.0715678270316014,-0.2959382610045145,PHI -3.5,False
2020,14,MIN,TB,7.0,4.916135958744266,-2.083864041255734,-0.2976948630365334,MIN -7.0,False
2018,1,HOU,NE,6.0,3.914233225413356,-2.085766774586644,-0.29796668208380633,HOU -6.0,False
2024,15,TB,LAC,3.0,0.9141217444745444,-2.0858782555254556,-0.29798260793220793,TB -3.0,True
2023,8,TB,BUF,10.0,7.0063692263439785,-2.9936307736560215,-0.29936307736560214,TB -10.0,False
2018,2,DET,SF,6.0,3.890921060897987,-2.109078939102013,-0.30129699130028753,DET -6.0,False
2022,6,NE,CLE,2.5,0.3866827237903562,-2.113317276209644,-0.30190246802994913,NE -2.5,True
2022,5,LAC,CLE,-1.0,-3.113918251120681,-2.113918251120681,-0.30198832158866873,LAC +1.0,True
2019,16,CAR,IND,7.5,5.223249835443774,-2.2767501645562263,-0.30356668860749686,CAR -7.5,False
2023,5,BAL,PIT,-4.5,-6.629207886944778,-2.129207886944778,-0.30417255527782544,BAL +4.5,False
2019,7,LA,ATL,-3.0,-5.15193711887784,-2.1519371188778402,-0.30741958841112005,LA +3.0,True
2022,1,NYG,TEN,5.5,3.340259495745721,-2.159740504254279,-0.3085343577506113,NYG -5.5,True
2023,7,ARI,SEA,9.5,6.552146200320718,-2.947853799679282,-0.3103003999662402,ARI -9.5,False
2021,15,CIN,DEN,3.0,0.8239014955396906,-2.1760985044603096,-0.3108712149229014,CIN -3.0,True
2024,8,BUF,SEA,-3.0,-5.184139661983172,-2.1841396619831723,-0.31201995171188174,BUF +3.0,True
2023,15,CHI,CLE,3.0,0.8155175290879914,-2.1844824709120085,-0.3120689244160012,CHI -3.0,False
2024,17,DAL,PHI,7.5,5.1590447772461685,-2.3409552227538315,-0.3121273630338442,DAL -7.5,False
2020,10,PHI,NYG,-4.5,-6.685159755698542,-2.1851597556985416,-0.31216567938550593,PHI +4.5,False
2024,2,LAC,CAR,-5.0,-7.18560637373741,-2.18560637373741,-0.3122294819624871,LAC +5.0,True
2019,7,HOU,IND,1.5,-0.6941549920143083,-2.194154992014308,-0.3134507131449012,HOU -1.5,False
2021,10,PHI,DEN,1.0,-1.1967236552756926,-2.196723655275693,-0.3138176650393847,PHI -1.0,True
2024,11,IND,NYJ,4.0,1.8001613631067253,-2.1998386368932747,-0.31426266241332496,IND -4.0,True
2023,16,NE,DEN,7.0,4.782405135042587,-2.2175948649574133,-0.3167992664224876,NE -7.0,True
2020,7,TB,LV,-3.5,-5.717829681002237,-2.217829681002237,-0.31683281157174814,TB +3.5,True
2019,8,CLE,NE,9.5,6.47283307201716,-3.02716692798284,-0.31864915031398316,CLE -9.5,False
2022,12,PIT,IND,2.5,0.2661381230166318,-2.2338618769833682,-0.3191231252833383,PIT -2.5,True
2019,1,BAL,MIA,-7.0,-9.253131235048343,-2.2531312350483432,-0.3218758907211919,BAL +7.0,True
2024,14,SEA,ARI,3.0,0.734996068749572,-2.265003931250428,-0.3235719901786326,SEA -3.0,True
2021,10,MIN,LAC,3.0,0.7307488820114426,-2.2692511179885573,-0.3241787311412225,MIN -3.0,True
2024,12,NE,MIA,7.5,5.0478304289758,-2.4521695710242,-0.32695594280322665,NE -7.5,False
2021,6,SEA,PIT,5.5,3.2068528121364084,-2.2931471878635916,-0.3275924554090845,SEA -5.5,False
2018,4,MIA,NE,6.5,4.203254455282144,-2.296745544717856,-0.32810650638826516,MIA -6.5,False
2023,14,BUF,KC,2.0,-0.3005237231812178,-2.3005237231812177,-0.3286462461687454,BUF -2.0,True
2023,17,GB,MIN,1.0,-1.313385989949322,-2.313385989949322,-0.33048371284990313,GB -1.0,True
2021,12,TB,IND,-3.0,-5.315864179890301,-2.3158641798903012,-0.33083773998432875,TB +3.0,True
2023,14,DET,CHI,-3.0,-5.319333461888386,-2.3193334618883856,-0.33133335169834083,DET +3.0,False
2019,3,NO,SEA,5.0,2.6652910133490875,-2.3347089866509125,-0.33352985523584466,NO -5.0,True
2023,18,LA,SF,5.5,3.159961896704823,-2.340038103295177,-0.33429115761359673,LA -5.5,True
2019,15,MIA,NYG,3.5,1.148058359241917,-2.351941640758083,-0.3359916629654404,MIA -3.5,False
2021,4,NYG,NO,7.5,4.966187100334106,-2.533812899665894,-0.33784171995545254,NYG -7.5,True
2024,8,DAL,SF,5.5,3.127056908009864,-2.372943091990136,-0.33899187028430516,DAL -5.5,False
2022,10,IND,LV,4.5,2.119292036931981,-2.380707963068019,-0.3401011375811455,IND -4.5,True
2019,4,WAS,NYG,3.0,0.6020555484686222,-2.397944451531378,-0.3425634930759111,WAS -3.0,False
2018,14,JAX,TEN,5.5,3.095481187674604,-2.404518812325396,-0.3435026874750566,JAX -5.5,False
2022,8,BAL,TB,2.0,-0.4045211970646652,-2.4045211970646654,-0.34350302815209505,BAL -2.0,True
2024,16,CLE,CIN,10.0,6.558494238617826,-3.4415057613821736,-0.34415057613821737,CLE -10.0,False
2021,1,CHI,LA,9.5,6.214148617707855,-3.2858513822921447,-0.34587909287285734,CHI -9.5,False
2022,14,TB,SF,3.5,1.0772776548629994,-2.4227223451370006,-0.34610319216242863,TB -3.5,False
2018,2,CAR,ATL,5.5,3.076298938972232,-2.423701061027768,-0.3462430087182526,CAR -5.5,False
2018,17,DET,GB,7.5,4.902280195688526,-2.597719804311474,-0.3463626405748632,DET -7.5,True
2022,13,DEN,BAL,9.5,6.1887997856653065,-3.3112002143346935,-0.3485473909825993,DEN -9.5,False
2024,9,HOU,NYJ,2.5,0.016457234800005,-2.483542765199995,-0.3547918235999993,HOU -2.5,False
2024,16,NYG,ATL,9.5,6.106029564291159,-3.393970435708841,-0.3572600458640885,NYG -9.5,False
2022,12,CIN,TEN,-1.0,-3.501664003851505,-2.501664003851505,-0.3573805719787864,CIN +1.0,True
2023,3,PIT,LV,3.0,0.4874180961154121,-2.512581903884588,-0.3589402719835126,PIT -3.0,True
2018,15,MIA,MIN,7.5,4.803189515931262,-2.696810484068738,-0.3595747312091651,MIA -7.5,False
2024,9,LAC,CLE,-2.0,-4.530944113189646,-2.530944113189646,-0.36156344474137797,LAC +2.0,True
2021,17,DEN,LAC,8.0,5.101122924075465,-2.898877075924535,-0.36235963449056685,DEN -8.0,False
2023,16,WAS,NYJ,3.0,0.4605216354720008,-2.5394783645279992,-0.36278262350399987,WAS -3.0,False
2019,11,ARI,SF,10.0,6.358265026874862,-3.6417349731251383,-0.3641734973125138,ARI -10.0,False
2020,2,WAS,ARI,7.5,4.764812983687294,-2.7351870163127057,-0.36469160217502744,WAS -7.5,False
2018,3,SF,KC,6.0,3.426074296389732,-2.573925703610268,-0.36770367194432396,SF -6.0,False
2022,2,NYJ,CLE,6.5,3.90372872690018,-2.59627127309982,-0.3708958961571171,NYJ -6.5,True
2022,11,LA,NO,2.5,-0.1119311055639246,-2.6119311055639245,-0.3731330150805606,LA -2.5,False
2024,13,SEA,NYJ,1.0,-1.6276955905883552,-2.6276955905883552,-0.37538508436976503,SEA -1.0,True
2021,3,GB,SF,3.5,0.8672140162801979,-2.632785983719802,-0.3761122833885432,GB -3.5,True
2021,1,NYJ,CAR,3.5,0.8652101754118637,-2.634789824588136,-0.37639854636973374,NYJ -3.5,False
2019,4,TB,LA,9.0,5.60981141927892,-3.3901885807210803,-0.37668762008012,TB -9.0,True
2024,8,PHI,CIN,2.5,-0.1420519997446461,-2.642051999744646,-0.3774359999635209,PHI -2.5,True
2024,5,IND,JAX,3.5,0.8560223488370553,-2.6439776511629445,-0.37771109302327777,IND -3.5,False
2022,7,SEA,LAC,5.5,2.8490384822552124,-2.6509615177447876,-0.37870878824925536,SEA -5.5,True
2021,9,GB,KC,7.0,4.3243575626209045,-2.6756424373790955,-0.38223463391129936,GB -7.0,False
2021,3,MIA,LV,4.0,1.3242070811193751,-2.675792918880625,-0.3822561312686607,MIA -4.0,False
2023,2,MIN,PHI,6.0,3.3164976836997395,-2.6835023163002605,-0.38335747375718005,MIN -6.0,False
2019,17,PHI,NYG,-4.0,-6.685159755698542,-2.6851597556985416,-0.3835942508140774,PHI +4.0,True
2024,3,KC,ATL,-3.0,-5.687533998598441,-2.6875339985984414,-0.3839334283712059,KC +3.0,True
2023,11,PIT,CLE,2.5,-0.1969246724561497,-2.6969246724561495,-0.38527495320802135,PIT -2.5,False
2021,3,ATL,NYG,3.0,0.2997404492147639,-2.700259550785236,-0.3857513643978909,ATL -3.0,True
2018,11,KC,LA,3.0,0.2979656665334961,-2.702034333466504,-0.38600490478092914,KC -3.0,False
2022,2,SEA,SF,8.5,5.214687944553696,-3.285312055446304,-0.3865073006407416,SEA -8.5,False
2023,17,PIT,SEA,4.5,1.7920646498796735,-2.7079353501203265,-0.38684790716004663,PIT -4.5,True
2018,8,SF,ARI,-2.5,-5.228061800814396,-2.7280618008143964,-0.38972311440205665,SF +2.5,False
2022,7,GB,WAS,-4.0,-6.743962029036362,-2.7439620290363624,-0.3919945755766232,GB +4.0,False
2020,10,TB,CAR,-6.0,-8.750208009857207,-2.7502080098572073,-0.3928868585510296,TB +6.0,True
2019,16,ARI,SEA,8.0,4.846648964175393,-3.153351035824607,-0.3941688794780759,ARI -8.0,True
2019,6,PHI,MIN,3.5,0.7394643620850646,-2.7605356379149355,-0.3943622339878479,PHI -3.5,False
2018,8,TB,CIN,3.5,0.7301427536858324,-2.7698572463141677,-0.3956938923305954,TB -3.5,False
2021,14,LA,ARI,3.0,0.2240165999921045,-2.7759834000078953,-0.39656905714398505,LA -3.0,True
2024,3,LAC,PIT,3.0,0.2121417912967607,-2.7878582087032395,-0.39826545838617705,LAC -3.0,False
2019,14,LAC,JAX,-3.5,-6.297336662291462,-2.797336662291462,-0.3996195231844946,LAC +3.5,True
2020,11,DAL,MIN,7.0,4.200548368473897,-2.799451631526103,-0.3999216616465861,DAL -7.0,True
2021,5,BUF,KC,2.5,-0.3005237231812178,-2.8005237231812177,-0.40007481759731683,BUF -2.5,True
2022,14,BAL,PIT,1.5,-1.311063638938306,-2.8110636389383057,-0.4015805198483294,BAL -1.5,True
2019,13,GB,NYG,-6.5,-9.31531393963068,-2.8153139396306806,-0.4021877056615258,GB +6.5,True
2021,7,KC,TEN,-4.0,-6.84969096059607,-2.84969096059607,-0.40709870865658143,KC +4.0,False
2020,11,DET,CAR,-3.0,-5.879904094791021,-2.879904094791021,-0.41141487068443156,DET +3.0,False
2019,1,SF,TB,1.0,-1.8857714563556924,-2.8857714563556924,-0.41225306519367033,SF -1.0,True
2020,13,CLE,TEN,4.0,1.109830359557654,-2.890169640442346,-0.41288137720604945,CLE -4.0,True
2020,1,GB,MIN,1.0,-1.8906898218470745,-2.8906898218470745,-0.4129556888352964,GB -1.0,True
2018,11,OAK,ARI,4.5,1.6085938015109782,-2.8914061984890216,-0.41305802835557454,OAK -4.5,True
2019,4,OAK,IND,5.5,2.6036123017845725,-2.8963876982154275,-0.4137696711736325,OAK -5.5,True
2023,6,IND,JAX,4.0,1.1002346129047136,-2.8997653870952864,-0.41425219815646946,IND -4.0,False
2019,10,ARI,TB,5.5,2.593920419448432,-2.906079580551568,-0.4151542257930811,ARI -5.5,False
2023,4,ATL,JAX,3.5,0.5800702149826363,-2.9199297850173638,-0.417132826431052,ATL -3.5,False
2020,3,LV,NE,7.0,4.057598479167193,-2.9424015208328074,-0.42034307440468677,LV -7.0,False
2021,7,NYJ,NE,7.0,4.057221163832691,-2.9427788361673093,-0.4203969765953299,NYJ -7.0,False
2022,7,PIT,MIA,7.5,4.345656856258706,-3.1543431437412943,-0.4205790858321726,PIT -7.5,False
2020,6,WAS,NYG,2.0,-0.945380930660234,-2.945380930660234,-0.4207687043800334,WAS -2.0,False
2021,10,KC,LV,-2.5,-5.445593211886893,-2.9455932118868926,-0.42079903026955606,KC +2.5,True
2022,1,CLE,CAR,2.5,-0.4656844159904374,-2.965684415990437,-0.4236692022843482,CLE -2.5,True
2024,17,ARI,LA,6.5,3.533129702149369,-2.966870297850631,-0.42383861397866157,ARI -6.5,False
2021,5,CHI,LV,5.5,2.520133470711228,-2.979866529288772,-0.42569521846982455,CHI -5.5,True
2022,17,MIA,NE,3.0,0.0193641659725884,-2.9806358340274115,-0.42580511914677305,MIA -3.0,False
2021,12,PHI,NYG,-4.0,-6.983975499341872,-2.983975499341872,-0.426282214191696,PHI +4.0,False
2022,2,TB,NO,-2.5,-5.49599982512303,-2.9959998251230298,-0.4279999750175757,TB +2.5,True
2024,3,WAS,CIN,7.5,4.258180499971475,-3.241819500028525,-0.4322426000038033,WAS -7.5,True
2021,6,BUF,TEN,-6.0,-9.028787834848028,-3.0287878348480284,-0.4326839764068612,BUF +6.0,False
2023,1,DAL,NYG,-3.5,-6.533834521239532,-3.033834521239532,-0.43340493160564747,DAL +3.5,True
2022,3,DAL,NYG,1.0,-2.045026293774318,-3.045026293774318,-0.43500375625347404,DAL -1.0,True
2020,2,JAX,TEN,7.0,3.947623106669708,-3.052376893330292,-0.43605384190432744,JAX -7.0,False
2021,6,ARI,CLE,3.0,-0.0537551479598679,-3.0537551479598677,-0.43625073542283826,ARI -3.0,True
2020,13,PHI,GB,8.0,4.508727335002876,-3.4912726649971244,-0.43640908312464055,PHI -8.0,False
2024,12,TEN,HOU,8.0,4.487344975282124,-3.5126550247178763,-0.43908187808973453,TEN -8.0,True
2022,13,GB,CHI,-4.0,-7.091090165887009,-3.0910901658870094,-0.44158430941242993,GB +4.0,True
2023,3,DEN,MIA,6.0,2.903126234050602,-3.096873765949398,-0.44241053799277114,DEN -6.0,False
2019,1,CIN,SEA,9.5,5.279732093182602,-4.220267906817398,-0.4442387270334103,CIN -9.5,False
2019,10,SEA,SF,6.5,3.390189213770205,-3.109810786229795,-0.4442586837471136,SEA -6.5,True
2020,6,DEN,NE,7.0,3.8691324968317713,-3.1308675031682287,-0.4472667861668898,DEN -7.0,True
2023,1,LA,SEA,4.5,1.3675936823132693,-3.1324063176867307,-0.4474866168123901,LA -4.5,True
2024,3,DEN,TB,6.0,2.8538369301411546,-3.1461630698588454,-0.4494518671226922,DEN -6.0,True
2024,4,CIN,CAR,-4.5,-7.647250240379632,-3.1472502403796323,-0.4496071771970903,CIN +4.5,True
2023,18,TB,CAR,-5.0,-8.150057780333603,-3.1500577803336025,-0.45000825433337177,TB +5.0,True
2024,2,TB,DET,7.5,4.059452282453026,-3.4405477175469743,-0.4587396956729299,TB -7.5,True
2023,8,CHI,LAC,9.5,5.11811043294793,-4.38188956705207,-0.4612515333739021,CHI -9.5,False
2021,17,NYG,CHI,7.0,3.768785625243028,-3.231214374756972,-0.4616020535367103,NYG -7.0,False
2024,9,TB,KC,9.0,4.827272352092024,-4.172727647907976,-0.46363640532310846,TB -9.0,False
2019,1,TEN,CLE,5.5,2.254411337222056,-3.245588662777944,-0.46365552325399195,TEN -5.5,True
2021,2,DAL,LAC,3.0,-0.2570346725152213,-3.2570346725152213,-0.46529066750217446,DAL -3.0,True
2024,8,BAL,CLE,-7.5,-10.999425538057872,-3.4994255380578725,-0.46659007174104966,BAL +7.5,False
2023,11,NYG,WAS,7.5,3.965085752174241,-3.534914247825759,-0.47132189971010124,NYG -7.5,True
2018,1,KC,LAC,3.5,0.200491283592992,-3.299508716407008,-0.47135838805814395,KC -3.5,True
2018,6,SF,GB,9.0,4.744542950453791,-4.255457049546209,-0.4728285610606899,SF -9.0,False
2023,3,BUF,WAS,-5.5,-8.812435532931609,-3.312435532931609,-0.473205076133087,BUF +5.5,True
2021,1,ARI,TEN,2.5,-0.822497939472951,-3.3224979394729512,-0.4746425627818502,ARI -2.5,True
2023,13,SEA,DAL,9.5,4.984646305841171,-4.515353694158829,-0.47530038885882414,SEA -9.5,False
2018,1,TB,NO,10.0,5.240022051910152,-4.759977948089848,-0.47599779480898474,TB -10.0,True
2020,13,DET,CHI,3.0,-0.3370522629608217,-3.337052262960822,-0.47672175185154597,DET -3.0,True
2020,3,MIA,JAX,3.0,-0.3423673473267049,-3.342367347326705,-0.47748104961810073,MIA -3.0,True
2022,4,CHI,NYG,3.0,-0.3456506226729338,-3.3456506226729337,-0.47795008895327623,CHI -3.0,False
2023,18,PHI,NYG,-4.5,-7.849717265313227,-3.3497172653132274,-0.4785310379018896,PHI +4.5,False
2020,2,BUF,MIA,-5.5,-8.876897292049554,-3.376897292049554,-0.482413898864222,BUF +5.5,True
2018,16,PIT,NO,6.5,3.093965163107908,-3.406034836892092,-0.4865764052702989,PIT -6.5,False
2020,5,TB,CHI,-3.5,-6.924300390842365,-3.4243003908423653,-0.48918577012033787,TB +3.5,False
2024,9,NE,TEN,3.0,-0.4277950545074092,-3.427795054507409,-0.4896850077867727,NE -3.0,False
2019,1,PIT,NE,5.5,2.0686480295997187,-3.4313519704002813,-0.49019313862861164,PIT -5.5,False
2022,4,DEN,LV,2.5,-0.9356736133302276,-3.4356736133302275,-0.4908105161900325,DEN -2.5,False
2023,17,LAC,DEN,3.5,0.0638223066560117,-3.4361776933439883,-0.4908825276205698,LAC -3.5,False
2023,9,CHI,NO,9.0,4.557615293540091,-4.442384706459909,-0.49359830071776767,CHI -9.0,False
2024,15,NE,ARI,6.0,2.5060039234294806,-3.4939960765705194,-0.49914229665293136,NE -6.0,False
2018,13,LAC,PIT,3.5,0.001318740812199,-3.498681259187801,-0.4998116084554001,LAC -3.5,True
2022,10,LAC,SF,8.5,4.244222613369221,-4.255777386630779,-0.5006796925447975,LAC -8.5,False
2024,2,CHI,HOU,6.0,2.474346135159988,-3.525653864840012,-0.5036648378342875,CHI -6.0,False
2021,14,BUF,TB,3.5,-0.0282872540658736,-3.5282872540658734,-0.5040410362951248,BUF -3.5,False
2019,8,TB,TEN,2.0,-1.537845207850646,-3.537845207850646,-0.505406458264378,TB -2.0,False
2020,5,LAC,NO,7.0,3.4517794929891035,-3.5482205070108965,-0.5068886438586995,LAC -7.0,False
2024,15,BUF,DET,2.5,-1.0683437928202162,-3.568343792820216,-0.5097633989743166,BUF -2.5,True
2021,2,BUF,MIA,-3.5,-7.070324016187485,-3.5703240161874854,-0.5100462880267836,BUF +3.5,True
2019,9,HOU,JAX,1.0,-2.5744970562192857,-3.5744970562192857,-0.5106424366027551,HOU -1.0,True
2018,3,GB,WAS,-2.5,-6.089656245420235,-3.589656245420235,-0.5128080350600336,GB +2.5,False
2023,2,NO,CAR,-3.0,-6.625111234329571,-3.6251112343295713,-0.517873033475653,NO +3.0,True
2018,11,MIN,CHI,2.5,-1.1315749795488816,-3.6315749795488816,-0.5187964256498402,MIN -2.5,False
2023,13,DEN,HOU,3.5,-0.1392760145629125,-3.6392760145629124,-0.5198965735089874,DEN -3.5,False
2023,4,TB,NO,4.0,0.3536266050667048,-3.646373394933295,-0.5209104849904708,TB -4.0,True
2024,15,MIA,HOU,2.5,-1.1638290975427772,-3.663829097542777,-0.5234041567918253,MIA -2.5,False
2019,12,GB,SF,3.0,-0.6728646286078842,-3.672864628607884,-0.5246949469439834,GB -3.0,False
2022,1,BUF,LA,-1.0,-4.673160193225704,-3.673160193225704,-0.5247371704608149,BUF +1.0,True
2024,1,BAL,KC,3.0,-0.6767576661800094,-3.676757666180009,-0.5252510951685727,BAL -3.0,False
2018,16,NYG,IND,10.0,4.741229998581204,-5.258770001418796,-0.5258770001418795,NYG -10.0,False
2018,5,GB,DET,1.0,-2.685212538435134,-3.685212538435134,-0.526458934062162,GB -1.0,False
2023,10,SF,JAX,-3.0,-6.711708535477486,-3.711708535477486,-0.5302440764967837,SF +3.0,True
2024,4,NO,ATL,2.5,-1.2138882515731229,-3.713888251573123,-0.5305554645104461,NO -2.5,False
2023,17,NYJ,CLE,6.5,2.7797541718390004,-3.7202458281609996,-0.5314636897372856,NYJ -6.5,False
2022,8,DEN,JAX,1.0,-2.7308479640132144,-3.7308479640132144,-0.5329782805733163,DEN -1.0,True
2020,11,CIN,WAS,2.0,-1.7376926543160427,-3.7376926543160427,-0.5339560934737204,CIN -2.0,False
2023,2,KC,JAX,-3.5,-7.240767562569879,-3.7407675625698786,-0.5343953660814112,KC +3.5,True
2018,5,BAL,CLE,-3.0,-6.743351979314441,-3.7433519793144407,-0.5347645684734915,BAL +3.0,False
2024,1,MIN,NYG,-1.0,-4.750142373390483,-3.7501423733904833,-0.5357346247700691,MIN +1.0,True
2024,3,PHI,NO,2.5,-1.2676707900253992,-3.767670790025399,-0.5382386842893427,PHI -2.5,True
2018,4,CIN,ATL,3.5,-0.2722684532847522,-3.7722684532847524,-0.5388954933263932,CIN -3.5,True
2022,9,IND,NE,5.0,1.2232134896012867,-3.776786510398713,-0.539540930056959,IND -5.0,False
2024,7,SEA,ATL,3.0,-0.8039180597964871,-3.8039180597964872,-0.5434168656852124,SEA -3.0,True
2021,11,WAS,CAR,3.5,-0.311671845569102,-3.811671845569102,-0.5445245493670146,WAS -3.5,True
2023,9,MIN,ATL,3.5,-0.3143062014128454,-3.8143062014128453,-0.5449008859161207,MIN -3.5,True
2023,4,MIN,CAR,-4.5,-8.333430642796706,-3.8334306427967064,-0.547632948970958,MIN +4.5,True
2019,14,DEN,HOU,8.0,3.613352058143024,-4.386647941856976,-0.548330992732122,DEN -8.0,True
2019,2,SEA,PIT,4.0,0.1405829214783088,-3.859417078521691,-0.5513452969316701,SEA -4.0,True
2019,11,DEN,MIN,10.0,4.477727033983567,-5.522272966016433,-0.5522272966016433,DEN -10.0,False
2019,9,TEN,CAR,3.5,-0.3714028313739061,-3.871402831373906,-0.5530575473391294,TEN -3.5,False
2024,4,LA,CHI,3.0,-0.8723321271643415,-3.8723321271643414,-0.5531903038806202,LA -3.0,False
2020,6,NYJ,MIA,9.5,4.23299716784074,-5.26700283215926,-0.5544213507536063,NYJ -9.5,False
2024,10,BUF,IND,-4.5,-8.397313634588151,-3.8973136345881514,-0.5567590906554502,BUF +4.5,True
2023,5,NO,NE,2.5,-1.399096414491119,-3.899096414491119,-0.5570137734987313,NO -2.5,True
2023,6,BAL,TEN,-5.5,-9.405021777846814,-3.905021777846814,-0.5578602539781163,BAL +5.5,True
2020,4,DEN,NYJ,1.0,-2.9067375390142742,-3.9067375390142742,-0.5581053627163249,DEN -1.0,True
2024,15,KC,CLE,-4.5,-8.444094720807122,-3.944094720807122,-0.563442102972446,KC +4.5,True
2021,18,SF,LA,3.0,-0.9465621736547551,-3.946562173654755,-0.5637945962363936,SF -3.0,True
2018,4,NYJ,JAX,7.5,3.2646360734703883,-4.235363926529612,-0.5647151902039482,NYJ -7.5,False
2019,15,JAX,OAK,7.0,3.03387606456188,-3.96612393543812,-0.5665891336340171,JAX -7.0,True
2018,3,CIN,CAR,2.5,-1.4699942411862472,-3.969994241186247,-0.5671420344551782,CIN -2.5,False
2021,11,PIT,LAC,5.5,1.5207588211895409,-3.979241178810459,-0.5684630255443512,PIT -5.5,False
2024,7,PHI,NYG,-3.0,-6.983975499341872,-3.983975499341872,-0.5691393570488389,PHI +3.0,True
2019,11,ATL,CAR,3.5,-0.4885491885548954,-3.988549188554895,-0.5697927412221279,ATL -3.5,True
2023,5,GB,LV,1.0,-3.019247713099189,-4.019247713099189,-0.5741782447284555,GB -1.0,False
2019,6,SEA,CLE,1.0,-3.021830961064525,-4.021830961064525,-0.574547280152075,SEA -1.0,True
2022,13,LAC,LV,2.5,-1.5324426042694137,-4.032442604269414,-0.5760632291813448,LAC -2.5,False
2019,2,SF,CIN,1.0,-3.034201853740597,-4.034201853740597,-0.576314550534371,SF -1.0,True
2019,7,NO,CHI,4.0,-0.0510662478102528,-4.051066247810253,-0.578723749687179,NO -4.0,True
2023,12,GB,DET,8.5,3.5565374929819065,-4.9434625070180935,-0.5815838243550698,GB -8.5,True
2023,1,ARI,WAS,7.0,2.9238503293722795,-4.0761496706277205,-0.5823070958039601,ARI -7.0,False
2020,2,MIN,IND,3.5,-0.5804086519102586,-4.0804086519102585,-0.5829155217014655,MIN -3.5,False
2019,16,JAX,ATL,7.5,3.121447077424863,-4.378552922575137,-0.5838070563433516,JAX -7.5,False
2020,9,DEN,ATL,4.5,0.4031557772071269,-4.096844222792873,-0.5852634603989818,DEN -4.5,False
2019,2,PHI,ATL,-1.0,-5.106327053842569,-4.106327053842569,-0.5866181505489384,PHI +1.0,False
2024,1,PIT,ATL,4.0,-0.1079520312069863,-4.107952031206986,-0.5868502901724266,PIT -4.0,True
2023,11,ARI,HOU,5.5,1.3779974080035418,-4.122002591996458,-0.5888575131423511,ARI -5.5,False
2023,12,BUF,PHI,2.5,-1.6279255291104,-4.1279255291104,-0.5897036470157715,BUF -2.5,False
2018,4,MIN,LA,7.5,3.063292005091681,-4.4367079949083195,-0.5915610659877759,MIN -7.5,False
2019,10,LAC,OAK,-1.0,-5.14203374880032,-4.14203374880032,-0.5917191069714743,LAC +1.0,False
2022,12,DEN,CAR,-1.0,-5.149661137587496,-4.149661137587496,-0.5928087339410709,DEN +1.0,False
2020,7,DET,ATL,1.0,-3.172695548268836,-4.172695548268836,-0.5960993640384051,DET -1.0,True
2023,18,DEN,LV,3.5,-0.6854920861480817,-4.1854920861480815,-0.5979274408782974,DEN -3.5,False
2020,16,MIN,NO,6.5,2.303955223929809,-4.196044776070191,-0.5994349680100273,MIN -6.5,False
2023,9,TB,HOU,2.5,-1.700496412098291,-4.200496412098291,-0.6000709160140415,TB -2.5,False
2024,8,NO,LAC,7.0,2.773039222945473,-4.226960777054527,-0.6038515395792182,NO -7.0,False
2021,1,DAL,TB,10.0,3.928352404217602,-6.071647595782398,-0.6071647595782398,DAL -10.0,False
2020,4,MIN,HOU,3.5,-0.7570219839209987,-4.257021983920999,-0.6081459977029998,MIN -3.5,True
2024,18,SF,ARI,4.5,0.2338307178385589,-4.266169282161441,-0.6094527545944917,SF -4.5,False
2020,10,SF,NO,9.5,3.696998257291604,-5.803001742708396,-0.610842288706147,SF -9.5,False
2019,11,PIT,CLE,3.0,-1.283840731472096,-4.283840731472096,-0.6119772473531565,PIT -3.0,False
2020,7,PIT,TEN,1.0,-3.294354682859787,-4.294354682859787,-0.613479240408541,PIT -1.0,True
2022,12,TB,CLE,-3.0,-7.299305327853504,-4.299305327853504,-0.6141864754076434,TB +3.0,False
2024,1,DAL,CLE,2.5,-1.7997877742140285,-4.299787774214028,-0.6142553963162898,DAL -2.5,True
2018,6,PHI,NYG,-1.5,-5.802097660053907,-4.302097660053907,-0.614585380007701,PHI +1.5,True
2021,1,LAC,WAS,2.5,-1.8268747870592577,-4.326874787059258,-0.6181249695798939,LAC -2.5,True
2018,6,IND,NYJ,2.5,-1.8269862472985985,-4.326986247298598,-0.6181408924712283,IND -2.5,False
2021,12,TEN,NE,7.5,2.855521950150369,-4.644478049849631,-0.6192637399799509,TEN -7.5,False
2018,1,SEA,DEN,3.0,-1.3405829658300903,-4.34058296583009,-0.62008328083287,SEA -3.0,False
2022,4,ARI,CAR,1.0,-3.344133404676215,-4.3441334046762154,-0.6205904863823165,ARI -1.0,True
2020,8,DAL,PHI,10.0,3.784133110272637,-6.215866889727363,-0.6215866889727363,DAL -10.0,False
2020,3,WAS,CLE,7.5,2.8324846846566887,-4.667515315343311,-0.6223353753791082,WAS -7.5,False
2022,1,GB,MIN,2.5,-1.8906898218470745,-4.390689821847074,-0.6272414031210106,GB -2.5,False
2021,6,MIN,CAR,-2.5,-6.894254397585977,-4.394254397585977,-0.6277506282265681,MIN +2.5,True
2019,5,GB,DAL,3.5,-0.9029062673204102,-4.40290626732041,-0.6289866096172014,GB -3.5,True
2018,6,TB,ATL,3.0,-1.4206988506696567,-4.420698850669657,-0.6315284072385224,TB -3.0,False
2024,5,DAL,PIT,2.5,-1.9234660322891968,-4.4234660322891965,-0.6319237188984567,DAL -2.5,True
2021,3,IND,TEN,4.5,0.0725099012496233,-4.4274900987503765,-0.6324985855357681,IND -4.5,False
2019,15,HOU,TEN,3.0,-1.4487694870461496,-4.44876948704615,-0.63553849814945,HOU -3.0,True
2019,14,KC,NE,3.0,-1.486688248136564,-4.486688248136564,-0.6409554640195091,KC -3.0,True
2023,14,TB,ATL,1.5,-2.993565425460493,-4.493565425460493,-0.6419379179229275,TB -1.5,True
2019,17,LAC,KC,10.0,3.556655018548482,-6.443344981451518,-0.6443344981451518,LAC -10.0,False
2022,13,BUF,NE,-3.5,-8.051839035768394,-4.551839035768394,-0.6502627193954849,BUF +3.5,True
2023,16,ARI,CHI,4.5,-0.0599605104042638,-4.559960510404264,-0.651422930057752,ARI -4.5,False
2023,15,PIT,IND,1.5,-3.073099270432718,-4.573099270432718,-0.6532998957761026,PIT -1.5,False
2023,18,KC,LAC,3.5,-1.080703318111131,-4.580703318111131,-0.6543861883015901,KC -3.5,True
2023,11,TEN,JAX,6.5,1.895773025831822,-4.604226974168178,-0.657746710595454,TEN -6.5,False
2018,6,BAL,TEN,-2.5,-7.11919016546576,-4.61919016546576,-0.6598843093522514,BAL +2.5,True
2020,4,BUF,LV,-3.0,-7.624690086138847,-4.624690086138847,-0.6606700123055497,BUF +3.0,True
2023,10,GB,PIT,3.0,-1.628092658143864,-4.6280926581438635,-0.661156094020552,GB -3.0,False
2023,17,DET,DAL,5.5,0.8688504366782146,-4.631149563321785,-0.661592794760255,DET -5.5,False
2023,1,GB,CHI,1.0,-3.641369119977216,-4.641369119977216,-0.6630527314253165,GB -1.0,True
2018,2,IND,WAS,6.0,1.3585119021260816,-4.641488097873919,-0.6630697282677026,IND -6.0,True
2018,10,SEA,LA,10.0,3.3570828745519594,-6.64291712544804,-0.664291712544804,SEA -10.0,False
2021,7,DEN,CLE,2.0,-2.6604693843935823,-4.660469384393583,-0.6657813406276547,DEN -2.0,False
2023,5,CHI,WAS,6.0,1.332388023918465,-4.667611976081535,-0.6668017108687907,CHI -6.0,True
2020,1,SEA,ATL,1.0,-3.6734273953966174,-4.673427395396617,-0.6676324850566596,SEA -1.0,True
2019,14,MIA,NYJ,5.0,0.305155808383048,-4.694844191616952,-0.6706920273738504,MIA -5.0,False
2022,18,LAC,DEN,6.0,1.281804160131551,-4.718195839868449,-0.6740279771240641,LAC -6.0,False
2020,7,SF,NE,3.0,-1.7190667384714415,-4.719066738471442,-0.674152391210206,SF -3.0,True
2018,13,MIN,NE,6.0,1.2786380904216206,-4.72136190957838,-0.6744802727969114,MIN -6.0,False
2018,11,TB,NYG,3.0,-1.7269220430878922,-4.726922043087892,-0.6752745775839847,TB -3.0,False
2020,1,TB,NO,4.0,-0.7336075837437197,-4.733607583743719,-0.6762296548205313,TB -4.0,False
2021,2,CIN,CHI,2.0,-2.739126574782817,-4.7391265747828175,-0.6770180821118311,CIN -2.0,False
2020,15,LAC,LV,3.5,-1.271345307304229,-4.7713453073042285,-0.6816207581863184,LAC -3.5,True
2024,2,CLE,JAX,3.0,-1.7848638532535934,-4.784863853253594,-0.6835519790362277,CLE -3.0,True
2018,8,MIA,HOU,7.5,2.369758005009843,-5.130241994990158,-0.6840322659986877,MIA -7.5,False
2024,18,BUF,NE,-3.0,-7.805835738040958,-4.805835738040958,-0.6865479625772798,BUF +3.0,False
2020,9,CHI,TEN,6.5,1.6809461122016869,-4.819053887798313,-0.6884362696854733,CHI -6.5,False
2019,8,NYJ,JAX,7.0,2.1743723817868186,-4.825627618213181,-0.6893753740304545,NYJ -7.0,False
2020,10,CIN,PIT,6.5,1.6712638300790197,-4.8287361699209805,-0.6898194528458543,CIN -6.5,False
2022,10,DEN,TEN,2.5,-2.3397713620394054,-4.839771362039405,-0.6913959088627722,DEN -2.5,False
2019,1,LA,CAR,-1.5,-6.349662906779335,-4.849662906779335,-0.6928089866827621,LA +1.5,True
2018,5,MIA,CIN,6.0,1.1082397043591168,-4.891760295640883,-0.698822899377269,MIA -6.0,False
2020,3,DAL,SEA,5.5,0.5969987270837948,-4.903001272916205,-0.7004287532737435,DAL -5.5,False
2020,5,MIN,SEA,6.5,1.5847822816104589,-4.915217718389541,-0.7021739597699345,MIN -6.5,False
2018,13,SF,SEA,10.0,2.9778253149722542,-7.022174685027746,-0.7022174685027747,SF -10.0,False
2022,2,ARI,LV,5.5,0.5815998092362267,-4.918400190763773,-0.702628598680539,ARI -5.5,True
2019,12,TB,ATL,3.5,-1.4206988506696567,-4.920698850669657,-0.7029569786670938,TB -3.5,True
2020,3,GB,NO,3.5,-1.465307748988002,-4.9653077489880015,-0.7093296784268573,GB -3.5,True
2021,1,BAL,LV,-3.0,-8.000924029137638,-5.000924029137638,-0.714417718448234,BAL +3.0,False
2022,18,LA,SEA,5.5,0.4635347742672921,-5.036465225732708,-0.7194950322475296,LA -5.5,False
2021,10,NO,TEN,3.0,-2.042074281103855,-5.042074281103854,-0.7202963258719792,NO -3.0,False
2022,17,LA,LAC,6.5,1.4340001054517677,-5.0659998945482325,-0.7237142706497475,LA -6.5,False
2020,15,HOU,IND,7.5,2.055186483081477,-5.444813516918523,-0.7259751355891364,HOU -7.5,False
2019,16,LA,SF,7.0,1.911679490288983,-5.088320509711017,-0.7269029299587167,LA -7.0,False
2020,3,DET,ARI,4.5,-0.5887708149061379,-5.0887708149061375,-0.7269672592723053,DET -4.5,True
2024,10,NE,CHI,6.5,1.4096551962730342,-5.090344803726966,-0.727192114818138,NE -6.5,True
2022,5,SEA,NO,5.5,0.399048363193543,-5.100951636806457,-0.7287073766866367,SEA -5.5,False
2018,10,DAL,PHI,7.5,2.029898385529745,-5.470101614470255,-0.7293468819293673,DAL -7.5,True
2022,1,BAL,NYJ,-6.5,-11.607555251818347,-5.107555251818347,-0.7296507502597639,BAL +6.5,True
2021,7,PHI,LV,1.0,-4.118191405957711,-5.118191405957711,-0.7311702008511016,PHI -1.0,False
2021,17,LV,IND,8.5,2.280538652182673,-6.219461347817327,-0.7317013350373326,LV -8.5,True
2021,14,JAX,TEN,8.5,2.2696497530445456,-6.230350246955455,-0.7329823819947594,JAX -8.5,False
2023,9,BUF,CIN,1.5,-3.648550679925784,-5.148550679925783,-0.7355072399893976,BUF -1.5,False
2023,16,GB,CAR,-3.5,-8.652972569804723,-5.152972569804723,-0.7361389385435319,GB +3.5,True
2018,3,LAC,LA,7.5,1.976047534011241,-5.523952465988759,-0.7365269954651679,LAC -7.5,False
2019,3,BAL,KC,4.5,-0.6767576661800094,-5.176757666180009,-0.739536809454287,BAL -4.5,False
2020,10,HOU,CLE,4.5,-0.680026695533067,-5.180026695533067,-0.740003813647581,HOU -4.5,False
2018,11,GB,SEA,3.0,-2.1844806913073525,-5.1844806913073525,-0.7406400987581933,GB -3.0,False
2024,12,SF,GB,6.5,1.294821904543997,-5.205178095456003,-0.743596870779429,SF -6.5,False
2022,1,PIT,CIN,7.5,1.9198759482973096,-5.580124051702691,-0.7440165402270255,PIT -7.5,True
2022,7,CHI,NE,9.5,2.4305482511403413,-7.069451748859659,-0.7441528156694378,CHI -9.5,True
2019,12,DAL,NE,5.5,0.2908545358949567,-5.209145464105044,-0.744163637729292,DAL -5.5,False
2024,5,TB,ATL,2.5,-2.738834797577155,-5.238834797577155,-0.7484049710824507,TB -2.5,False
2021,3,CHI,CLE,7.5,1.8847785135151327,-5.6152214864848675,-0.7486961981979824,CHI -7.5,False
2018,5,DAL,HOU,3.5,-1.7448055384476626,-5.244805538447663,-0.7492579340639518,DAL -3.5,False
2018,4,BAL,PIT,3.0,-2.3391669368969987,-5.339166936896999,-0.7627381338424284,BAL -3.0,True
2018,1,SF,MIN,6.0,0.6607479578315469,-5.339252042168453,-0.7627502917383504,SF -6.0,False
2020,14,DEN,CAR,4.0,-1.3422711601196549,-5.342271160119655,-0.7631815943028079,DEN -4.0,True
2022,6,BAL,NYG,-5.5,-10.866708122521798,-5.366708122521798,-0.7666725889316854,BAL +5.5,False
2021,2,MIN,ARI,4.0,-1.383293531494198,-5.383293531494198,-0.7690419330705998,MIN -4.0,False
2018,6,LAC,CLE,1.0,-4.4028663016052425,-5.4028663016052425,-0.7718380430864632,LAC -1.0,True
2019,1,KC,JAX,-3.5,-8.918740916195041,-5.418740916195041,-0.7741058451707202,KC +3.5,True
2018,15,ARI,ATL,10.0,2.236123513493479,-7.763876486506521,-0.7763876486506521,ARI -10.0,False
2020,6,HOU,TEN,4.0,-1.4487694870461496,-5.44876948704615,-0.7783956410065928,HOU -4.0,False
2024,3,NE,NYJ,6.5,1.0210062296087945,-5.478993770391206,-0.7827133957701723,NE -6.5,False
2018,6,KC,NE,4.0,-1.486688248136564,-5.486688248136564,-0.783812606876652,KC -4.0,False
2023,15,LAC,LV,3.0,-2.5002429305628064,-5.500242930562806,-0.7857489900804009,LAC -3.0,False
2018,4,SF,LAC,10.0,2.06252444861642,-7.93747555138358,-0.7937475551383579,SF -10.0,False
2024,1,DEN,SEA,6.5,0.9189201923604864,-5.581079807639513,-0.7972971153770734,DEN -6.5,False
2018,2,MIA,NYJ,3.0,-2.5812750570665792,-5.581275057066579,-0.7973250081523684,MIA -3.0,True
2018,5,NYG,CAR,7.0,1.3766179693805811,-5.623382030619419,-0.8033402900884885,NYG -7.0,False
2020,14,BAL,CLE,-3.0,-8.636278986333735,-5.6362789863337355,-0.8051827123333908,BAL +3.0,True
2020,16,CIN,HOU,7.5,1.3824037804642126,-6.117596219535788,-0.815679495938105,CIN -7.5,True
2019,8,LAC,CHI,3.5,-2.2188194506293213,-5.718819450629321,-0.8169742072327602,LAC -3.5,True
2021,17,DET,SEA,8.5,1.5436728142904723,-6.956327185709528,-0.8183914336128856,DET -8.5,False
2019,8,DEN,IND,6.0,0.2702380161959959,-5.729761983804004,-0.8185374262577149,DEN -6.0,False
2019,9,DET,OAK,2.5,-3.26026656113182,-5.76026656113182,-0.8228952230188314,DET -2.5,False
2019,7,ARI,NYG,3.5,-2.2841842841479347,-5.784184284147935,-0.8263120405925621,ARI -3.5,True
2018,15,DAL,IND,3.0,-2.788115578084432,-5.788115578084431,-0.8268736540120616,DAL -3.0,False
2023,15,BAL,JAX,-4.0,-9.796098379820624,-5.796098379820624,-0.8280140542600891,BAL +4.0,True
2018,11,PHI,NO,7.0,1.164846434944137,-5.8351535650558635,-0.8335933664365519,PHI -7.0,False
2018,2,SEA,CHI,5.0,-0.8377841100886032,-5.837784110088603,-0.8339691585840862,SEA -5.0,False
2020,11,GB,IND,1.5,-4.34967162482807,-5.84967162482807,-0.8356673749754385,GB -1.5,False
2022,15,BAL,CLE,2.5,-3.377637594283454,-5.8776375942834544,-0.839662513469065,BAL -2.5,False
2021,1,MIA,NE,3.5,-2.3873756459396374,-5.887375645939637,-0.8410536637056625,MIA -3.5,True
2018,12,GB,MIN,4.0,-1.8906898218470745,-5.890689821847074,-0.8415271174067248,GB -4.0,False
2019,16,GB,MIN,4.0,-1.8906898218470745,-5.890689821847074,-0.8415271174067248,GB -4.0,True
2018,3,NO,ATL,1.5,-4.392600337715969,-5.892600337715969,-0.8418000482451384,NO -1.5,True
2022,17,ARI,ATL,7.0,1.094506938702643,-5.905493061297357,-0.8436418658996224,ARI -7.0,False
2022,3,BAL,NE,-2.5,-8.428072978767185,-5.928072978767185,-0.8468675683953121,BAL +2.5,True
2020,13,BUF,SF,1.5,-4.458893095101197,-5.958893095101197,-0.8512704421573138,BUF -1.5,True
2018,3,TEN,JAX,10.0,1.4502046682194063,-8.549795331780594,-0.8549795331780594,TEN -10.0,True
2023,12,TB,IND,2.5,-3.51372982338257,-6.01372982338257,-0.8591042604832243,TB -2.5,False
2020,5,BUF,TEN,-3.0,-9.028787834848028,-6.028787834848028,-0.8612554049782898,BUF +3.0,False
2022,9,BAL,NO,-1.0,-7.039898392859158,-6.039898392859158,-0.8628426275513082,BAL +1.0,True
2019,15,BUF,PIT,1.0,-5.067066897469225,-6.067066897469225,-0.8667238424956035,BUF -1.0,True
2018,8,BAL,CAR,-2.5,-8.592674201548029,-6.092674201548029,-0.8703820287925755,BAL +2.5,False
2022,16,GB,MIA,3.5,-2.6107299988656902,-6.11072999886569,-0.8729614284093843,GB -3.5,True
2019,14,CIN,CLE,6.5,0.3793279810473414,-6.120672018952659,-0.874381716993237,CIN -6.5,False
2018,12,MIA,IND,9.0,1.124284341302756,-7.875715658697244,-0.875079517633027,MIA -9.0,False
2022,7,DET,DAL,7.0,0.8688504366782146,-6.131149563321785,-0.8758785090459693,DET -7.0,False
2019,10,DET,CHI,6.0,-0.169508403311699,-6.169508403311699,-0.8813583433302428,DET -6.0,False
2018,1,BUF,BAL,7.5,0.8884052859892271,-6.6115947140107725,-0.881545961868103,BUF -7.5,False
2018,2,KC,PIT,4.5,-1.6767631266655458,-6.176763126665546,-0.8823947323807922,KC -4.5,True
2018,2,BAL,CIN,1.0,-5.244106809291044,-6.244106809291044,-0.8920152584701492,BAL -1.0,False
2018,7,HOU,JAX,4.0,-2.2727729182882523,-6.272772918288252,-0.8961104168983217,HOU -4.0,True
2018,16,GB,NYJ,-3.0,-9.275154394844916,-6.275154394844916,-0.8964506278349881,GB +3.0,True
2024,2,BUF,MIA,2.5,-3.7858902387580176,-6.285890238758018,-0.897984319822574,BUF -2.5,True
2022,12,BAL,JAX,-3.5,-9.796098379820624,-6.296098379820624,-0.8994426256886605,BAL +3.5,False
2018,16,BAL,LAC,4.0,-2.354839533657754,-6.354839533657755,-0.9078342190939649,BAL -4.0,True
2021,17,MIA,TEN,3.0,-3.3643244450192697,-6.364324445019269,-0.9091892064313242,MIA -3.0,False
2022,16,DET,CAR,-2.5,-8.891760666505162,-6.391760666505162,-0.9131086666435946,DET +2.5,False
2018,4,BUF,GB,8.5,0.7034129111784087,-7.796587088821592,-0.9172455398613637,BUF -8.5,False
2021,15,SEA,LA,7.5,0.5650538890447131,-6.934946110955287,-0.9246594814607049,SEA -7.5,False
2023,2,GB,ATL,3.0,-3.496480214931612,-6.496480214931612,-0.9280686021330874,GB -3.0,False
2021,18,SEA,ARI,5.5,-1.0895026620339194,-6.58950266203392,-0.9413575231477028,SEA -5.5,True
2022,3,DET,MIN,6.5,-0.1189331178484492,-6.618933117848449,-0.9455618739783499,DET -6.5,False
2020,9,MIA,ARI,6.0,-0.663253354475582,-6.663253354475582,-0.9518933363536546,MIA -6.0,True
2023,4,BAL,CLE,-2.0,-8.704705710471666,-6.704705710471666,-0.9578151014959523,BAL +2.0,True
2022,17,IND,NYG,5.5,-1.2154216541533296,-6.71542165415333,-0.9593459505933328,IND -5.5,False
2019,7,BAL,SEA,3.0,-3.7358748741984726,-6.735874874198473,-0.9622678391712104,BAL -3.0,True
2020,9,BAL,IND,1.0,-5.90106580771919,-6.90106580771919,-0.9858665439598843,BAL -1.0,True
2024,9,DAL,ATL,3.0,-3.909991214566921,-6.9099912145669204,-0.9871416020809887,DAL -3.0,False
2022,12,GB,PHI,6.5,-0.4527652892180719,-6.952765289218072,-0.9932521841740103,GB -6.5,False
2020,11,PHI,CLE,2.5,-4.454730619510475,-6.954730619510475,-0.9935329456443537,PHI -2.5,False
2018,15,WAS,JAX,7.5,0.0323881896691993,-7.4676118103308005,-0.9956815747107733,WAS -7.5,True
2020,6,CIN,IND,7.5,0.0022919662761221,-7.497708033723878,-0.9996944044965171,CIN -7.5,False
2020,5,PHI,PIT,7.5,-0.0505455770930336,-7.550545577093033,-1.0067394102790712,PHI -7.5,False
2021,5,DET,MIN,10.0,-0.1189331178484492,-10.11893311784845,-1.011893311784845,DET -10.0,False
2024,7,NE,JAX,6.5,-0.5861437690880168,-7.086143769088017,-1.0123062527268596,NE -6.5,False
2018,16,CIN,CLE,10.0,-0.1730200225824227,-10.173020022582422,-1.0173020022582422,CIN -10.0,False
2018,14,BAL,KC,6.5,-0.6767576661800094,-7.176757666180009,-1.0252510951685727,BAL -6.5,False
2018,10,DET,CHI,7.5,-0.3370522629608217,-7.837052262960822,-1.0449403017281096,DET -7.5,False
2024,15,DAL,CAR,2.5,-4.832405969858154,-7.332405969858154,-1.0474865671225935,DAL -2.5,True
2018,9,GB,NE,5.0,-2.4906248824961903,-7.49062488249619,-1.0700892689280272,GB -5.0,False
2023,2,BAL,CIN,3.5,-4.024784622924575,-7.524784622924575,-1.074969231846368,BAL -3.5,True
2020,4,PHI,SF,8.5,-0.6535786712767306,-9.15357867127673,-1.0768916083854976,PHI -8.5,True
2019,6,NO,JAX,2.5,-5.072905845898228,-7.572905845898228,-1.0818436922711754,NO -2.5,True
2018,8,GB,LA,7.5,-0.7059709678261303,-8.205970967826131,-1.0941294623768174,GB -7.5,False
2023,3,HOU,JAX,7.5,-0.7129987983795649,-8.212998798379566,-1.0950665064506089,HOU -7.5,True
2024,6,BUF,NYJ,-1.0,-8.690408403642264,-7.690408403642264,-1.0986297719488949,BUF +1.0,True
2023,16,BAL,SF,6.5,-1.2058166932724028,-7.705816693272403,-1.1008309561817717,BAL -6.5,True
2022,12,CHI,NYJ,8.5,-0.8987022847837197,-9.39870228478372,-1.1057296805627905,CHI -8.5,False
2022,5,DET,NE,3.0,-4.76735836181878,-7.76735836181878,-1.1096226231169686,DET -3.0,False
2024,5,BUF,HOU,1.0,-6.828292487371533,-7.828292487371533,-1.1183274981959332,BUF -1.0,False
2018,12,SEA,CAR,3.0,-4.871153183298113,-7.871153183298113,-1.1244504547568732,SEA -3.0,True
2021,8,PIT,CLE,5.5,-2.5256118913467045,-8.025611891346704,-1.1465159844781005,PIT -5.5,True
2022,3,PIT,CLE,4.5,-3.637739104767021,-8.137739104767022,-1.1625341578238602,PIT -4.5,False
2019,7,LAC,TEN,3.0,-5.171609093118326,-8.171609093118326,-1.1673727275883323,LAC -3.0,False
2018,9,TB,CAR,6.0,-2.2288772247780484,-8.22887722477805,-1.175553889254007,TB -6.0,False
2021,5,SF,ARI,6.0,-2.286586705028955,-8.286586705028956,-1.1837981007184222,SF -6.0,False
2020,16,SF,ARI,6.0,-2.286586705028955,-8.286586705028956,-1.1837981007184222,SF -6.0,True
2021,4,DET,CHI,3.0,-5.319333461888386,-8.319333461888386,-1.188476208841198,DET -3.0,False
2022,10,DET,CHI,3.0,-5.319333461888386,-8.319333461888386,-1.188476208841198,DET -3.0,True
2023,1,BUF,NYJ,-2.5,-10.825314634737245,-8.325314634737245,-1.1893306621053206,BUF +2.5,False
2019,1,GB,CHI,3.5,-4.900837952466692,-8.400837952466691,-1.2001197074952417,GB -3.5,True
2018,11,DAL,ATL,3.5,-4.95500181938356,-8.455001819383561,-1.2078574027690803,DAL -3.5,True
2019,13,BUF,DAL,6.5,-2.0780665072127387,-8.578066507212739,-1.2254380724589626,BUF -6.5,True
2019,2,BUF,NYG,-1.0,-9.607412083878376,-8.607412083878376,-1.229630297696911,BUF +1.0,True
2023,13,CIN,JAX,10.0,-2.336015459626484,-12.336015459626484,-1.2336015459626484,CIN -10.0,True
2018,1,DAL,CAR,2.5,-6.152727607285056,-8.652727607285055,-1.236103943897865,DAL -2.5,False
2021,18,CIN,CLE,6.5,-2.1584158937257985,-8.658415893725799,-1.2369165562465427,CIN -6.5,False
2021,10,DET,PIT,9.0,-2.150714216901156,-11.150714216901155,-1.2389682463223506,DET -9.0,False
2020,2,CIN,CLE,6.0,-2.7329212123384217,-8.732921212338422,-1.2475601731912032,CIN -6.0,False
2022,15,PIT,CAR,2.5,-6.270250982173024,-8.770250982173025,-1.2528929974532892,PIT -2.5,True
2021,4,BAL,DEN,1.0,-7.812458046802217,-8.812458046802217,-1.2589225781146023,BAL -1.0,True
2019,16,DET,DEN,9.5,-2.532910358313272,-12.032910358313272,-1.2666221429803444,DET -9.5,False
2021,14,BAL,CLE,3.0,-5.881255205120893,-8.881255205120894,-1.268750743588699,BAL -3.0,False
2021,1,PHI,ATL,3.5,-5.405142797485899,-8.9051427974859,-1.2721632567836998,PHI -3.5,True
2021,16,BUF,NE,1.0,-8.051839035768394,-9.051839035768394,-1.2931198622526276,BUF -1.0,True
2019,2,TB,CAR,6.5,-2.618424638571151,-9.11842463857115,-1.30263209122445,TB -6.5,True
2020,15,PHI,ARI,6.5,-2.8212180641232,-9.321218064123201,-1.3316025805890288,PHI -6.5,False
2020,10,BUF,ARI,3.0,-6.327716744304337,-9.327716744304336,-1.332530963472048,BUF -3.0,False
2024,4,DEN,NYJ,7.5,-2.5873485492986057,-10.087348549298605,-1.3449798065731473,DEN -7.5,True
2020,15,DET,TEN,9.5,-3.2898419054498254,-12.789841905449826,-1.346299147942087,DET -9.5,False
2018,13,BUF,MIA,3.5,-5.990466426599928,-9.490466426599928,-1.3557809180857041,BUF -3.5,False
2024,3,GB,TEN,3.0,-6.721825426802509,-9.721825426802509,-1.3888322038289298,GB -3.0,True
2022,15,DET,NYJ,2.0,-7.87839769084629,-9.87839769084629,-1.4111996701208986,DET -2.0,True
2021,16,BAL,CIN,7.5,-3.132691876194492,-10.632691876194492,-1.4176922501592657,BAL -7.5,False
2021,8,GB,ARI,6.5,-3.612477859523927,-10.112477859523928,-1.444639694217704,GB -6.5,True
2022,11,DET,NYG,3.0,-7.543557235632055,-10.543557235632054,-1.5062224622331506,DET -3.0,True
2019,16,BUF,NE,7.0,-3.66578512238852,-10.66578512238852,-1.5236835889126457,BUF -7.0,False
2019,10,BUF,CLE,3.0,-7.733519844395951,-10.73351984439595,-1.53335997777085,BUF -3.0,False
2021,16,DET,ATL,7.5,-4.008327732176883,-11.508327732176884,-1.5344436976235845,DET -7.5,False
2021,5,PHI,CAR,2.5,-8.332178930214981,-10.832178930214981,-1.5474541328878544,PHI -2.5,True
2018,15,GB,CHI,6.0,-4.900837952466692,-10.900837952466691,-1.5572625646380989,GB -6.0,False
2018,13,BAL,ATL,2.5,-9.287875420665827,-11.787875420665827,-1.683982202952261,BAL -2.5,True
2019,5,BUF,TEN,3.5,-8.635883229486263,-12.135883229486263,-1.7336976042123233,BUF -3.5,True
2022,18,TB,ATL,6.0,-6.2145010955971225,-12.214501095597122,-1.744928727942446,TB -6.0,False
2018,17,DAL,NYG,7.5,-5.6507724255949,-13.1507724255949,-1.7534363234126533,DAL -7.5,True
2019,1,BUF,NYJ,2.5,-10.450314634737245,-12.950314634737245,-1.8500449478196064,BUF -2.5,True
2018,7,BUF,IND,7.0,-6.218230037428916,-13.218230037428917,-1.8883185767755595,BUF -7.0,False
2018,10,BUF,NYJ,6.5,-9.703961849591357,-16.20396184959136,-2.3148516927987655,BUF -6.5,True
