season,week,away_team,home_team,closing_spread_home,model_spread,edge,edge_bin,confidence,bet_side,won
2018,8,NE,BUF,-13.5,6.896406225591,20.396406225591,huge,STRONG,BUF -13.5,False
2021,15,ARI,DET,-13.0,7.137946102554858,20.137946102554857,huge,STRONG,DET -13.0,True
2018,9,CHI,BUF,-10.5,9.306619295561504,19.806619295561504,huge,STRONG,BUF -10.5,False
2018,3,BUF,MIN,16.5,-3.0658500617394027,-19.565850061739404,huge,STRONG,BUF -16.5,True
2021,7,DET,LA,17.0,-1.7262432493347517,-18.72624324933475,huge,STRONG,DET -17.0,False
2018,5,TEN,BUF,-6.0,12.393029531627734,18.393029531627732,huge,STRONG,BUF -6.0,True
2020,12,NO,DEN,-17.0,1.3217096090919382,18.32170960909194,huge,STRONG,DEN -17.0,False
2018,16,BUF,NE,14.0,-3.66578512238852,-17.66578512238852,huge,STRONG,BUF -14.0,False
2021,11,DET,CLE,13.0,-3.356731297844789,-16.35673129784479,huge,STRONG,DET -13.0,False
2018,10,BUF,NYJ,6.5,-9.703961849591357,-16.20396184959136,huge,STRONG,BUF -6.5,True
2018,6,BUF,HOU,10.5,-5.701445196731138,-16.201445196731136,huge,STRONG,BUF -10.5,False
2020,9,PIT,DAL,-14.0,1.902131920032608,15.902131920032607,huge,STRONG,DAL -14.0,False
2018,12,JAX,BUF,-3.0,12.821398014479064,15.821398014479064,huge,STRONG,BUF -3.0,True
2019,17,NYJ,BUF,-1.5,13.680935737939729,15.180935737939729,huge,STRONG,BUF -1.5,False
2020,15,PIT,CIN,-14.5,0.529157325863624,15.029157325863624,huge,STRONG,CIN -14.5,True
2019,11,CIN,OAK,13.0,-1.9153635133346685,-14.915363513334668,huge,STRONG,CIN -13.0,False
2020,8,TEN,CIN,-7.5,7.258810305992978,14.758810305992977,huge,STRONG,CIN -7.5,True
2021,14,DET,DEN,13.0,-1.7563053915658766,-14.756305391565876,huge,STRONG,DET -13.0,False
2019,2,NE,MIA,-18.0,-3.3325390185902983,14.667460981409702,huge,STRONG,MIA -18.0,False
2019,4,NE,BUF,-7.0,7.422931424529992,14.422931424529992,huge,STRONG,BUF -7.0,False
2021,17,JAX,NE,17.5,3.246598552124178,-14.253401447875822,huge,STRONG,JAX -17.5,False
2022,18,BAL,CIN,11.0,-3.132691876194492,-14.132691876194492,huge,STRONG,BAL -11.0,False
2019,3,MIA,DAL,22.0,7.925033246252381,-14.074966753747619,huge,STRONG,MIA -22.0,False
2020,17,WAS,PHI,-6.5,7.5154641072729,14.0154641072729,huge,STRONG,PHI -6.5,False
2020,12,BAL,PIT,10.5,-3.340001197186209,-13.84000119718621,huge,STRONG,BAL -10.5,False
2021,18,IND,JAX,-14.0,-0.3185667007241859,13.681433299275813,huge,STRONG,JAX -14.0,True
2020,12,NYG,CIN,-6.5,7.163771504469132,13.663771504469132,huge,STRONG,CIN -6.5,False
2018,2,LAC,BUF,-7.5,5.735751892800437,13.235751892800437,huge,STRONG,BUF -7.5,False
2018,7,BUF,IND,7.0,-6.218230037428916,-13.218230037428917,huge,STRONG,BUF -7.0,False
2018,17,DAL,NYG,7.5,-5.6507724255949,-13.1507724255949,huge,STRONG,DAL -7.5,True
2021,17,LA,BAL,-7.0,6.051516657153128,13.051516657153128,huge,STRONG,BAL -7.0,False
2019,1,BUF,NYJ,2.5,-10.450314634737245,-12.950314634737245,huge,STRONG,BUF -2.5,True
2020,14,NO,PHI,-7.5,5.35878802463377,12.858788024633771,huge,STRONG,PHI -7.5,True
2020,15,DET,TEN,9.5,-3.2898419054498254,-12.789841905449826,huge,STRONG,DET -9.5,False
2024,2,IND,GB,-3.0,9.653904033039314,12.653904033039314,huge,STRONG,GB -3.0,True
2019,17,TEN,HOU,-10.0,2.633871454212254,12.633871454212255,huge,STRONG,HOU -10.0,False
2024,18,WAS,DAL,-7.0,5.457809994371615,12.457809994371615,huge,STRONG,DAL -7.0,False
2021,7,HOU,ARI,20.5,8.13341362685094,-12.36658637314906,huge,STRONG,HOU -20.5,False
2023,13,CIN,JAX,10.0,-2.336015459626484,-12.336015459626484,huge,STRONG,CIN -10.0,True
2022,14,LV,LA,-6.5,5.734161952029856,12.234161952029856,huge,STRONG,LA -6.5,True
2022,18,TB,ATL,6.0,-6.2145010955971225,-12.214501095597122,huge,STRONG,TB -6.0,False
2020,17,TEN,HOU,-7.0,5.205915789187624,12.205915789187625,huge,STRONG,HOU -7.0,False
2020,17,LAC,KC,-7.0,5.201270850813795,12.201270850813795,huge,STRONG,KC -7.0,False
2021,1,SF,DET,-9.5,2.658254226750733,12.158254226750733,huge,STRONG,DET -9.5,False
2021,18,NE,MIA,-6.0,6.144521948081112,12.144521948081113,huge,STRONG,MIA -6.0,True
2019,5,BUF,TEN,3.5,-8.635883229486263,-12.135883229486263,huge,STRONG,BUF -3.5,True
2024,18,KC,DEN,10.5,-1.6286917104185767,-12.128691710418577,huge,STRONG,KC -10.5,False
2018,11,CAR,DET,-4.0,8.127567638311804,12.127567638311804,huge,STRONG,DET -4.0,True
2019,3,NYJ,NE,20.5,8.443275077212563,-12.056724922787437,huge,STRONG,NYJ -20.5,False
2019,16,DET,DEN,9.5,-2.532910358313272,-12.032910358313272,huge,STRONG,DET -9.5,False
2019,5,NE,WAS,-15.5,-3.6113352523246687,11.888664747675332,huge,STRONG,WAS -15.5,False
2018,6,JAX,DAL,-3.0,8.86475835619559,11.86475835619559,huge,STRONG,DAL -3.0,True
2021,12,CHI,DET,-2.0,9.818965018113344,11.818965018113344,huge,STRONG,DET -2.0,False
2018,13,BAL,ATL,2.5,-9.287875420665827,-11.787875420665827,huge,STRONG,BAL -2.5,True
2020,17,PIT,CLE,10.5,-1.283840731472096,-11.783840731472097,huge,STRONG,PIT -10.5,False
2019,17,GB,DET,-13.5,-1.849580354527088,11.650419645472912,huge,STRONG,DET -13.5,False
2021,16,DET,ATL,7.5,-4.008327732176883,-11.508327732176884,huge,STRONG,DET -7.5,False
2018,16,WAS,TEN,12.5,1.2492962262730656,-11.250703773726935,huge,STRONG,WAS -12.5,False
2021,10,DET,PIT,9.0,-2.150714216901156,-11.150714216901155,huge,STRONG,DET -9.0,False
2022,12,LA,KC,16.5,5.415577437207177,-11.084422562792824,huge,STRONG,LA -16.5,False
2020,17,MIA,BUF,-3.5,7.543036540899491,11.043036540899491,huge,STRONG,BUF -3.5,True
2024,18,SEA,LA,-7.5,3.539716823440684,11.039716823440685,huge,STRONG,LA -7.5,False
2020,7,CLE,CIN,-4.5,6.490067514479897,10.990067514479897,huge,STRONG,CIN -4.5,False
2021,8,LA,HOU,-17.0,-6.030823875788099,10.969176124211902,huge,STRONG,HOU -17.0,False
2018,15,GB,CHI,6.0,-4.900837952466692,-10.900837952466691,huge,STRONG,GB -6.0,False
2018,14,CIN,LAC,17.0,6.108419430093557,-10.891580569906443,huge,STRONG,CIN -17.0,False
2020,16,TB,DET,-12.0,-1.1178801892828056,10.882119810717194,huge,STRONG,DET -12.0,False
2021,13,MIN,DET,-7.0,3.876079419989923,10.876079419989923,huge,STRONG,DET -7.0,True
2020,3,TEN,MIN,-3.0,7.84151092417936,10.84151092417936,huge,STRONG,MIN -3.0,False
2021,5,PHI,CAR,2.5,-8.332178930214981,-10.832178930214981,huge,STRONG,PHI -2.5,True
2019,9,NE,BAL,-3.0,7.799165367528784,10.799165367528783,huge,STRONG,BAL -3.0,True
2024,18,NO,TB,14.5,3.7374906295416657,-10.762509370458334,huge,STRONG,NO -14.5,False
2019,10,BUF,CLE,3.0,-7.733519844395951,-10.73351984439595,huge,STRONG,BUF -3.0,False
2019,4,LAC,MIA,-15.0,-4.267347860664683,10.732652139335318,huge,STRONG,MIA -15.0,False
2019,13,WAS,CAR,10.5,-0.186234089301037,-10.686234089301037,huge,STRONG,WAS -10.5,True
2019,16,BUF,NE,7.0,-3.66578512238852,-10.66578512238852,huge,STRONG,BUF -7.0,False
2021,16,BAL,CIN,7.5,-3.132691876194492,-10.632691876194492,huge,STRONG,BAL -7.5,False
2022,11,DET,NYG,3.0,-7.543557235632055,-10.543557235632054,huge,STRONG,DET -3.0,True
2019,13,CHI,DET,-5.5,4.929830749010342,10.429830749010343,huge,STRONG,DET -5.5,False
2019,17,MIA,NE,17.5,7.089685320731773,-10.410314679268227,huge,STRONG,MIA -17.5,True
2018,13,LA,DET,-10.5,-0.1006684195382667,10.399331580461734,huge,STRONG,DET -10.5,False
2019,17,PIT,BAL,-2.0,8.308354395879407,10.308354395879407,huge,STRONG,BAL -2.0,True
2024,15,WAS,NO,-7.5,2.7985907772238243,10.298590777223824,huge,STRONG,NO -7.5,False
2022,13,SEA,LA,-7.0,3.2251848037362505,10.225184803736251,huge,STRONG,LA -7.0,False
2022,17,CAR,TB,3.5,13.688963507400985,10.188963507400985,huge,STRONG,TB +3.5,True
2021,15,GB,BAL,-9.5,0.6749435527490152,10.174943552749015,huge,STRONG,BAL -9.5,False
2018,16,CIN,CLE,10.0,-0.1730200225824227,-10.173020022582422,huge,STRONG,CIN -10.0,False
2019,14,DET,MIN,12.0,1.8374636837507508,-10.162536316249248,huge,STRONG,DET -12.0,False
2021,5,DET,MIN,10.0,-0.1189331178484492,-10.11893311784845,huge,STRONG,DET -10.0,False
2020,9,SEA,BUF,-3.0,7.116787233341155,10.116787233341155,huge,STRONG,BUF -3.0,True
2021,8,GB,ARI,6.5,-3.612477859523927,-10.112477859523928,huge,STRONG,GB -6.5,True
2023,8,JAX,PIT,-2.5,7.608584110740215,10.108584110740214,huge,STRONG,PIT -2.5,False
2021,7,NO,SEA,-6.0,4.0972937193472045,10.097293719347205,huge,STRONG,SEA -6.0,False
2024,4,DEN,NYJ,7.5,-2.5873485492986057,-10.087348549298605,huge,STRONG,DEN -7.5,True
2020,17,SEA,SF,-7.0,3.075657194065772,10.075657194065773,huge,STRONG,SF -7.0,False
2023,16,JAX,TB,-2.0,8.049214663690067,10.049214663690067,huge,STRONG,TB -2.0,True
2018,15,PHI,LA,13.5,3.475887188681124,-10.024112811318876,huge,STRONG,PHI -13.5,True
2019,15,TB,DET,-5.5,4.466202032577963,9.966202032577964,huge,STRONG,DET -5.5,False
2022,15,DET,NYJ,2.0,-7.87839769084629,-9.87839769084629,huge,STRONG,DET -2.0,True
2018,13,CAR,TB,-3.5,6.375570940712626,9.875570940712626,huge,STRONG,TB -3.5,True
2019,17,CHI,MIN,-5.5,4.312640274574866,9.812640274574866,huge,STRONG,MIN -5.5,False
2020,12,SEA,PHI,-6.5,3.311472809516688,9.811472809516689,huge,STRONG,PHI -6.5,False
2018,17,CIN,PIT,14.0,4.231165019835019,-9.768834980164982,huge,STRONG,CIN -14.0,False
2024,16,NO,GB,14.0,4.240405419012786,-9.759594580987214,huge,STRONG,NO -14.0,False
2024,8,NYJ,NE,-7.0,2.736140072532679,9.73614007253268,huge,STRONG,NE -7.0,True
2024,3,GB,TEN,3.0,-6.721825426802509,-9.721825426802509,huge,STRONG,GB -3.0,True
2018,14,NYJ,BUF,4.5,14.207460936878716,9.707460936878716,huge,STRONG,BUF +4.5,False
2022,2,WAS,DET,-1.0,8.64308087366708,9.64308087366708,huge,STRONG,DET -1.0,True
2024,11,HOU,DAL,-7.5,2.1399909037643154,9.639990903764316,huge,STRONG,DAL -7.5,False
2018,7,LA,SF,-8.0,1.59714747058455,9.59714747058455,huge,STRONG,SF -8.0,False
2020,6,KC,BUF,-5.5,4.057670025322691,9.557670025322691,huge,STRONG,BUF -5.5,False
2019,9,MIN,KC,-5.5,4.053446581754501,9.5534465817545,huge,STRONG,KC -5.5,True
2019,6,CAR,TB,-2.0,7.544967492436765,9.544967492436765,huge,STRONG,TB -2.0,False
2023,9,ARI,CLE,13.0,3.459441006938872,-9.540558993061127,huge,STRONG,ARI -13.0,False
2018,13,BUF,MIA,3.5,-5.990466426599928,-9.490466426599928,huge,STRONG,BUF -3.5,False
2023,18,PIT,BAL,-3.0,6.475987624719534,9.475987624719533,huge,STRONG,BAL -3.0,False
2024,18,NYG,PHI,3.0,12.44824538223128,9.44824538223128,huge,STRONG,PHI +3.0,True
2018,13,NO,DAL,-7.0,2.4409746327383286,9.440974632738328,huge,STRONG,DAL -7.0,True
2022,12,CHI,NYJ,8.5,-0.8987022847837197,-9.39870228478372,huge,STRONG,CHI -8.5,False
2021,12,CLE,BAL,3.0,12.393425288475209,9.393425288475209,huge,STRONG,BAL +3.0,True
2021,2,DET,GB,11.5,2.11025121018128,-9.38974878981872,huge,STRONG,DET -11.5,False
2024,7,NYJ,PIT,-3.0,6.356475280158126,9.356475280158126,huge,STRONG,PIT -3.0,True
2020,10,BUF,ARI,3.0,-6.327716744304337,-9.327716744304336,huge,STRONG,BUF -3.0,False
2020,15,PHI,ARI,6.5,-2.8212180641232,-9.321218064123201,huge,STRONG,PHI -6.5,False
2020,17,JAX,IND,15.5,6.206532552440466,-9.293467447559534,huge,STRONG,JAX -15.5,False
2019,15,NE,CIN,-10.5,-1.2164415998522906,9.28355840014771,huge,STRONG,CIN -10.5,False
2019,7,JAX,CIN,-4.0,5.272288681780352,9.272288681780353,huge,STRONG,CIN -4.0,False
2018,6,CHI,MIA,-7.5,1.761941292759514,9.261941292759515,huge,STRONG,MIA -7.5,True
2021,12,LA,GB,-2.0,7.25514625547485,9.25514625547485,huge,STRONG,GB -2.0,True
2022,2,NE,PIT,-3.0,6.240558709686773,9.240558709686773,huge,STRONG,PIT -3.0,False
2022,13,JAX,DET,1.0,10.230093795072351,9.230093795072351,huge,STRONG,DET +1.0,True
2021,12,CAR,MIA,-1.0,8.202050177881251,9.202050177881251,huge,STRONG,MIA -1.0,True
2023,11,TB,SF,13.5,4.29821332499963,-9.20178667500037,huge,STRONG,TB -13.5,False
2024,3,JAX,BUF,4.0,13.17701073896331,9.17701073896331,huge,STRONG,BUF +4.0,True
2020,4,PHI,SF,8.5,-0.6535786712767306,-9.15357867127673,huge,STRONG,PHI -8.5,True
2023,16,BUF,LAC,-13.0,-3.850253100237507,9.149746899762492,huge,STRONG,LAC -13.0,False
2021,3,CAR,HOU,-8.0,1.1346935413823125,9.134693541382312,huge,STRONG,HOU -8.0,False
2019,2,TB,CAR,6.5,-2.618424638571151,-9.11842463857115,huge,STRONG,TB -6.5,True
2021,16,BUF,NE,1.0,-8.051839035768394,-9.051839035768394,huge,STRONG,BUF -1.0,True
2021,11,HOU,TEN,10.5,1.458044962871748,-9.041955037128252,huge,STRONG,HOU -10.5,True
2022,7,NYJ,DEN,-2.0,7.038883841155748,9.038883841155748,huge,STRONG,DEN -2.0,False
2022,15,CIN,TB,-3.5,5.498836576930647,8.998836576930646,huge,STRONG,TB -3.5,False
2018,16,LA,ARI,-14.5,-5.509487481300583,8.990512518699417,huge,STRONG,ARI -14.5,False
2022,12,BUF,DET,-10.0,-1.0683437928202162,8.931656207179785,huge,STRONG,DET -10.0,False
2021,1,PHI,ATL,3.5,-5.405142797485899,-8.9051427974859,huge,STRONG,PHI -3.5,True
2021,14,BAL,CLE,3.0,-5.881255205120893,-8.881255205120894,huge,STRONG,BAL -3.0,False
2023,15,SF,ARI,-12.5,-3.619560842959989,8.880439157040012,huge,STRONG,ARI -12.5,False
2019,10,CAR,GB,5.0,13.860749879541814,8.860749879541814,huge,STRONG,GB +5.0,True
2021,18,TEN,HOU,-10.5,-1.675196234165779,8.824803765834222,huge,STRONG,HOU -10.5,False
2021,4,BAL,DEN,1.0,-7.812458046802217,-8.812458046802217,huge,STRONG,BAL -1.0,True
2021,13,NE,BUF,3.0,11.808985337909863,8.808985337909863,huge,STRONG,BUF +3.0,False
2022,15,PIT,CAR,2.5,-6.270250982173024,-8.770250982173025,huge,STRONG,PIT -2.5,True
2019,8,WAS,MIN,16.5,7.733122497468201,-8.766877502531798,huge,STRONG,WAS -16.5,False
2020,2,CIN,CLE,6.0,-2.7329212123384217,-8.732921212338422,huge,STRONG,CIN -6.0,False
2024,11,CLE,NO,-1.0,7.727595275923281,8.727595275923282,huge,STRONG,NO -1.0,True
2018,3,NE,DET,-7.0,1.6839854951317934,8.683985495131793,huge,STRONG,DET -7.0,True
2019,6,WAS,MIA,-6.0,2.67444595681322,8.67444595681322,huge,STRONG,MIA -6.0,False
2021,18,CIN,CLE,6.5,-2.1584158937257985,-8.658415893725799,huge,STRONG,CIN -6.5,False
2018,1,DAL,CAR,2.5,-6.152727607285056,-8.652727607285055,huge,STRONG,DAL -2.5,False
2020,16,TEN,GB,3.0,11.610773897097172,8.610773897097172,huge,STRONG,GB +3.0,True
2022,11,TEN,GB,3.0,11.610773897097172,8.610773897097172,huge,STRONG,GB +3.0,False
2024,15,ATL,LV,-6.5,2.107893384547541,8.607893384547541,huge,STRONG,LV -6.5,False
2019,2,BUF,NYG,-1.0,-9.607412083878376,-8.607412083878376,huge,STRONG,BUF +1.0,True
2019,13,BUF,DAL,6.5,-2.0780665072127387,-8.578066507212739,huge,STRONG,BUF -6.5,True
2018,3,TEN,JAX,10.0,1.4502046682194063,-8.549795331780594,huge,STRONG,TEN -10.0,True
2019,12,MIA,CLE,11.0,2.4954253997853493,-8.504574600214651,huge,STRONG,MIA -11.0,False
2021,7,ATL,MIA,-1.5,7.004324389979756,8.504324389979756,huge,STRONG,MIA -1.5,False
2019,9,CLE,DEN,-4.0,4.473614249753448,8.473614249753448,huge,STRONG,DEN -4.0,True
2018,12,CHI,DET,-3.0,5.471411985419165,8.471411985419165,huge,STRONG,DET -3.0,False
2024,10,ATL,NO,-3.5,4.971034553714597,8.471034553714597,huge,STRONG,NO -3.5,True
2018,11,DAL,ATL,3.5,-4.95500181938356,-8.455001819383561,huge,STRONG,DAL -3.5,True
2022,1,PHI,DET,-6.0,2.4381548873609207,8.43815488736092,huge,STRONG,DET -6.0,False
2019,1,GB,CHI,3.5,-4.900837952466692,-8.400837952466691,huge,STRONG,GB -3.5,True
2019,8,MIA,PIT,14.0,5.657839282328182,-8.342160717671817,huge,STRONG,MIA -14.0,False
2023,1,BUF,NYJ,-2.5,-10.825314634737245,-8.325314634737245,huge,STRONG,BUF +2.5,False
2021,4,DET,CHI,3.0,-5.319333461888386,-8.319333461888386,huge,STRONG,DET -3.0,False
2022,10,DET,CHI,3.0,-5.319333461888386,-8.319333461888386,huge,STRONG,DET -3.0,True
2018,12,NE,NYJ,-13.0,-4.686128775071091,8.31387122492891,huge,STRONG,NYJ -13.0,False
2020,16,SF,ARI,6.0,-2.286586705028955,-8.286586705028956,huge,STRONG,SF -6.0,True
2021,5,SF,ARI,6.0,-2.286586705028955,-8.286586705028956,huge,STRONG,SF -6.0,False
2020,14,TEN,JAX,-7.5,0.7528455818976006,8.252845581897601,huge,STRONG,JAX -7.5,False
2024,6,HOU,NE,-6.5,1.751718121779189,8.25171812177919,huge,STRONG,NE -6.5,False
2018,9,TB,CAR,6.0,-2.2288772247780484,-8.22887722477805,huge,STRONG,TB -6.0,False
2023,3,HOU,JAX,7.5,-0.7129987983795649,-8.212998798379566,huge,STRONG,HOU -7.5,True
2018,8,GB,LA,7.5,-0.7059709678261303,-8.205970967826131,huge,STRONG,GB -7.5,False
2021,10,LA,SF,-3.5,4.70370847579623,8.20370847579623,huge,STRONG,SF -3.5,True
2020,6,BAL,PHI,-10.5,-2.3029752157525216,8.197024784247478,huge,STRONG,PHI -10.5,False
2019,7,LAC,TEN,3.0,-5.171609093118326,-8.171609093118326,huge,STRONG,LAC -3.0,False
2022,10,DAL,GB,-3.5,4.660052569461883,8.160052569461882,huge,STRONG,GB -3.5,True
2023,18,DAL,WAS,-13.0,-4.855795874648136,8.144204125351864,huge,STRONG,WAS -13.0,False
2022,3,PIT,CLE,4.5,-3.637739104767021,-8.137739104767022,huge,STRONG,PIT -4.5,False
2019,11,NE,PHI,-4.5,3.6176170007055255,8.117617000705525,huge,STRONG,PHI -4.5,False
2022,8,MIA,DET,-3.5,4.596119597008539,8.096119597008538,huge,STRONG,DET -3.5,False
2024,12,DAL,WAS,10.5,2.41728985692217,-8.08271014307783,huge,STRONG,DAL -10.5,True
2021,4,CLE,MIN,-1.0,7.072768132666277,8.072768132666276,huge,STRONG,MIN -1.0,False
2019,13,NYJ,CIN,-2.5,5.568087912496434,8.068087912496434,huge,STRONG,CIN -2.5,True
2018,14,NE,MIA,-8.5,-0.4461081531406706,8.05389184685933,huge,STRONG,MIA -8.5,True
2021,4,KC,PHI,-7.5,0.5511713451415546,8.051171345141555,huge,STRONG,PHI -7.5,False
2018,10,ATL,CLE,-5.5,2.53016958540283,8.030169585402831,huge,STRONG,CLE -5.5,True
2021,8,PIT,CLE,5.5,-2.5256118913467045,-8.025611891346704,huge,STRONG,PIT -5.5,True
2021,11,NE,ATL,-7.0,1.018770709172094,8.018770709172093,huge,STRONG,ATL -7.0,False
2019,14,BAL,BUF,-6.5,1.5023392080719455,8.002339208071945,huge,STRONG,BUF -6.5,False
2024,8,ATL,TB,-1.5,6.4959810997186285,7.9959810997186285,huge,STRONG,TB -1.5,False
2022,12,HOU,MIA,14.0,6.026086237122674,-7.973913762877326,huge,STRONG,HOU -14.0,False
2020,8,NYJ,KC,20.0,12.028364062626762,-7.971635937373238,huge,STRONG,NYJ -20.0,False
2021,6,CIN,DET,-3.5,4.458780038176305,7.958780038176305,huge,STRONG,DET -3.5,False
2018,4,SF,LAC,10.0,2.06252444861642,-7.93747555138358,huge,STRONG,SF -10.0,False
2021,2,KC,BAL,-3.5,4.433903968321483,7.933903968321483,huge,STRONG,BAL -3.5,True
2022,17,NYJ,SEA,-1.0,6.92492053761791,7.92492053761791,huge,STRONG,SEA -1.0,True
2018,9,OAK,SF,-1.5,6.418892546499558,7.918892546499558,huge,STRONG,SF -1.5,True
2020,17,BAL,CIN,-13.5,-5.5815097691234055,7.9184902308765945,huge,STRONG,CIN -13.5,False
2023,13,CAR,TB,4.0,11.907204082475076,7.907204082475076,huge,STRONG,TB +4.0,True
2018,5,LA,SEA,-7.5,0.4000634275895148,7.900063427589515,huge,STRONG,SEA -7.5,False
2019,9,SF,ARI,-10.5,-2.601118724733388,7.898881275266612,huge,STRONG,ARI -10.5,False
2023,17,SF,WAS,-14.0,-6.104279631587262,7.895720368412738,huge,STRONG,WAS -14.0,False
2018,12,MIA,IND,9.0,1.124284341302756,-7.875715658697244,huge,STRONG,MIA -9.0,False
2018,12,SEA,CAR,3.0,-4.871153183298113,-7.871153183298113,huge,STRONG,SEA -3.0,True
2018,10,DET,CHI,7.5,-0.3370522629608217,-7.837052262960822,huge,STRONG,DET -7.5,False
2024,5,BUF,HOU,1.0,-6.828292487371533,-7.828292487371533,huge,STRONG,BUF -1.0,False
2020,12,MIA,NYJ,-7.5,0.305155808383048,7.805155808383048,huge,STRONG,NYJ -7.5,False
2019,6,NYG,NE,16.5,8.703262208205228,-7.796737791794772,huge,STRONG,NYG -16.5,False
2018,4,BUF,GB,8.5,0.7034129111784087,-7.796587088821592,huge,STRONG,BUF -8.5,False
2020,12,CLE,JAX,-7.5,0.285826928315552,7.785826928315552,huge,STRONG,JAX -7.5,False
2022,5,DET,NE,3.0,-4.76735836181878,-7.76735836181878,huge,STRONG,DET -3.0,False
2018,15,ARI,ATL,10.0,2.236123513493479,-7.763876486506521,huge,STRONG,ARI -10.0,False
2018,17,ARI,SEA,15.5,7.788124059960834,-7.711875940039166,huge,STRONG,ARI -15.5,False
2020,1,NYJ,BUF,6.5,14.207460936878716,7.707460936878716,huge,STRONG,BUF +6.5,True
2023,16,BAL,SF,6.5,-1.2058166932724028,-7.705816693272403,huge,STRONG,BAL -6.5,True
2024,6,BUF,NYJ,-1.0,-8.690408403642264,-7.690408403642264,huge,STRONG,BUF +1.0,True
2023,11,LV,MIA,14.0,6.32175209418377,-7.67824790581623,huge,STRONG,LV -14.0,False
2018,17,ATL,TB,-2.5,5.177845152811131,7.677845152811131,huge,STRONG,TB -2.5,False
2023,5,JAX,BUF,5.5,13.17701073896331,7.677010738963309,huge,STRONG,BUF +5.5,False
2018,2,MIN,GB,-2.0,5.647836123988548,7.647836123988548,huge,STRONG,GB -2.0,False
2018,5,JAX,KC,3.0,10.64230114022711,7.64230114022711,huge,STRONG,KC +3.0,True
2019,10,MIA,IND,11.0,3.358991068821349,-7.641008931178651,huge,STRONG,MIA -11.0,True
2020,16,CHI,JAX,-9.5,-1.898219922660369,7.601780077339631,huge,STRONG,JAX -9.5,False
2018,16,MIN,DET,-6.5,1.0840504344826771,7.584050434482677,huge,STRONG,DET -6.5,False
2019,6,NO,JAX,2.5,-5.072905845898228,-7.572905845898228,huge,STRONG,NO -2.5,True
2020,5,PHI,PIT,7.5,-0.0505455770930336,-7.550545577093033,huge,STRONG,PHI -7.5,False
2020,14,NYJ,SEA,16.5,8.969246854608299,-7.530753145391701,huge,STRONG,NYJ -16.5,False
2023,2,BAL,CIN,3.5,-4.024784622924575,-7.524784622924575,huge,STRONG,BAL -3.5,True
2023,2,NYG,ARI,-5.0,2.511334619360593,7.511334619360593,huge,STRONG,ARI -5.0,False
2022,1,DEN,SEA,-6.0,1.5048768108254476,7.504876810825447,huge,STRONG,SEA -6.0,True
2020,6,CIN,IND,7.5,0.0022919662761221,-7.497708033723878,huge,STRONG,CIN -7.5,False
2018,14,ATL,GB,4.0,11.493627539916185,7.493627539916185,huge,STRONG,GB +4.0,True
2018,9,GB,NE,5.0,-2.4906248824961903,-7.49062488249619,huge,STRONG,GB -5.0,False
2018,15,WAS,JAX,7.5,0.0323881896691993,-7.4676118103308005,huge,STRONG,WAS -7.5,True
2023,14,SEA,SF,14.5,7.03441211406235,-7.46558788593765,huge,STRONG,SEA -14.5,False
2019,6,ATL,ARI,-3.0,4.462497884433435,7.462497884433435,huge,STRONG,ARI -3.0,True
2021,8,MIA,BUF,15.0,7.543036540899491,-7.456963459100509,huge,STRONG,MIA -15.0,False
2022,8,GB,BUF,10.5,3.0537333909630653,-7.446266609036934,huge,STRONG,GB -10.5,False
2022,1,NO,ATL,-6.0,1.4337897307965728,7.433789730796573,huge,STRONG,ATL -6.0,False
2019,11,DAL,DET,-7.5,-0.0712769796931094,7.428723020306891,huge,STRONG,DET -7.5,False
2018,14,NO,TB,-8.5,-1.0933283359755748,7.406671664024425,huge,STRONG,TB -8.5,False
2020,4,JAX,CIN,1.0,8.384537875166115,7.3845378751661155,huge,STRONG,CIN +1.0,True
2021,13,JAX,LA,14.0,6.625277394666866,-7.374722605333134,huge,STRONG,JAX -14.0,False
2024,15,DAL,CAR,2.5,-4.832405969858154,-7.332405969858154,huge,STRONG,DAL -2.5,True
2021,2,HOU,CLE,13.5,6.201085327820336,-7.298914672179664,huge,STRONG,HOU -13.5,False
2021,17,CLE,PIT,-1.0,6.282758193488179,7.282758193488179,huge,STRONG,PIT -1.0,True
2021,6,TB,PHI,-7.0,0.2789348760262105,7.27893487602621,huge,STRONG,PHI -7.0,False
2019,12,PIT,CIN,-5.5,1.7709284857382324,7.270928485738232,huge,STRONG,CIN -5.5,False
2018,14,PIT,OAK,-10.5,-3.2647793385417816,7.235220661458218,huge,STRONG,OAK -10.5,True
2020,13,CIN,MIA,10.5,3.297958738437333,-7.202041261562667,huge,STRONG,CIN -10.5,False
2022,13,CLE,HOU,-7.5,-0.2984027412417147,7.2015972587582855,huge,STRONG,HOU -7.5,False
2018,13,KC,OAK,-14.0,-6.8201156162780645,7.1798843837219355,huge,STRONG,OAK -14.0,False
2018,14,BAL,KC,6.5,-0.6767576661800094,-7.176757666180009,huge,STRONG,BAL -6.5,False
2020,11,TEN,BAL,6.0,13.162168079988293,7.162168079988293,huge,STRONG,BAL +6.0,False
2021,4,CAR,DAL,4.5,11.639184254254117,7.139184254254117,huge,STRONG,DAL +4.5,True
2022,17,DEN,KC,13.5,6.388492749627401,-7.111507250372599,huge,STRONG,DEN -13.5,False
2021,18,DAL,PHI,-6.5,0.6110970719008456,7.111097071900845,huge,STRONG,PHI -6.5,False
2024,7,NE,JAX,6.5,-0.5861437690880168,-7.086143769088017,huge,STRONG,NE -6.5,False
2022,7,CHI,NE,9.5,2.4305482511403413,-7.069451748859659,huge,STRONG,CHI -9.5,True
2020,15,NYJ,LA,17.5,10.44775657808952,-7.052243421910481,huge,STRONG,NYJ -17.5,True
2020,8,IND,DET,-3.5,3.5430322374636725,7.043032237463672,huge,STRONG,DET -3.5,False
2018,13,NYJ,TEN,10.5,3.4731769701148223,-7.026823029885177,huge,STRONG,NYJ -10.5,False
2018,13,SF,SEA,10.0,2.9778253149722542,-7.022174685027746,huge,STRONG,SF -10.0,False
2021,16,LAC,HOU,-13.5,-6.490309738215107,7.009690261784893,huge,STRONG,HOU -13.5,True
2024,17,LV,NO,-2.0,4.999501930268354,6.999501930268354,huge,STRONG,NO -2.0,False
2018,14,DEN,SF,-3.0,3.998477104070048,6.998477104070048,huge,STRONG,SF -3.0,True
2018,16,CHI,SF,-3.5,3.4956782483285607,6.995678248328561,huge,STRONG,SF -3.5,False
2021,16,LA,MIN,-3.5,3.4858832825570394,6.985883282557039,huge,STRONG,MIN -3.5,False
2021,17,DET,SEA,8.5,1.5436728142904723,-6.956327185709528,huge,STRONG,DET -8.5,False
2020,11,PHI,CLE,2.5,-4.454730619510475,-6.954730619510475,huge,STRONG,PHI -2.5,False
2022,12,GB,PHI,6.5,-0.4527652892180719,-6.952765289218072,huge,STRONG,GB -6.5,False
2019,9,NYJ,MIA,-3.5,3.451990493758426,6.9519904937584265,huge,STRONG,MIA -3.5,True
2021,15,SEA,LA,7.5,0.5650538890447131,-6.934946110955287,huge,STRONG,SEA -7.5,False
2019,8,ARI,NO,12.5,5.565821906494745,-6.934178093505255,huge,STRONG,ARI -12.5,False
2024,9,DAL,ATL,3.0,-3.909991214566921,-6.9099912145669204,huge,STRONG,DAL -3.0,False
2020,9,BAL,IND,1.0,-5.90106580771919,-6.90106580771919,huge,STRONG,BAL -1.0,True
2024,1,CAR,NO,3.5,10.382257536471046,6.882257536471046,huge,STRONG,NO +3.5,True
2020,11,PIT,JAX,-11.0,-4.1183581141018895,6.8816418858981105,huge,STRONG,JAX -11.0,False
2024,3,HOU,MIN,-2.0,4.84510698338048,6.84510698338048,huge,STRONG,MIN -2.0,True
2022,7,CLE,BAL,6.5,13.33954597813038,6.83954597813038,huge,STRONG,BAL +6.5,True
2019,5,CHI,OAK,-6.5,0.3325722732166077,6.832572273216607,huge,STRONG,OAK -6.5,True
2020,14,GB,DET,-9.5,-2.685212538435134,6.814787461564865,huge,STRONG,DET -9.5,False
2019,15,CLE,ARI,-3.0,3.810901450101342,6.810901450101342,huge,STRONG,ARI -3.0,True
2019,8,CAR,SF,4.5,11.309312099863195,6.809312099863195,huge,STRONG,SF +4.5,True
2023,10,NYG,DAL,17.5,10.699454777893113,-6.800545222106887,huge,STRONG,NYG -17.5,False
2021,8,CIN,NYJ,-11.5,-4.703363217533826,6.796636782466174,huge,STRONG,NYJ -11.5,True
2021,3,ARI,JAX,-8.0,-1.21357454144676,6.78642545855324,huge,STRONG,JAX -8.0,False
2021,17,MIN,GB,13.0,6.223917131104037,-6.776082868895963,huge,STRONG,MIN -13.0,False
2019,17,NO,CAR,-13.5,-6.759722677341601,6.740277322658399,huge,STRONG,CAR -13.5,False
2019,7,BAL,SEA,3.0,-3.7358748741984726,-6.735874874198473,huge,STRONG,BAL -3.0,True
2020,12,HOU,DET,-3.0,3.719645569474413,6.719645569474412,huge,STRONG,DET -3.0,False
2022,17,IND,NYG,5.5,-1.2154216541533296,-6.71542165415333,huge,STRONG,IND -5.5,False
2023,4,BAL,CLE,-2.0,-8.704705710471666,-6.704705710471666,huge,STRONG,BAL +2.0,True
2021,13,ARI,CHI,-7.5,-0.8024457644877485,6.697554235512252,huge,STRONG,CHI -7.5,False
2023,1,JAX,IND,-4.0,2.6864409722143185,6.686440972214319,huge,STRONG,IND -4.0,False
2020,9,MIA,ARI,6.0,-0.663253354475582,-6.663253354475582,huge,STRONG,MIA -6.0,True
2018,10,SEA,LA,10.0,3.3570828745519594,-6.64291712544804,huge,STRONG,SEA -10.0,False
2023,7,SF,MIN,-7.0,-0.3576941603950543,6.642305839604946,huge,STRONG,MIN -7.0,True
2022,17,PIT,BAL,1.0,7.63133040787341,6.63133040787341,huge,STRONG,BAL +1.0,False
2022,3,DET,MIN,6.5,-0.1189331178484492,-6.618933117848449,huge,STRONG,DET -6.5,False
2018,3,CHI,ARI,-6.0,0.6172760550641184,6.617276055064118,huge,STRONG,ARI -6.0,False
2018,1,BUF,BAL,7.5,0.8884052859892271,-6.6115947140107725,huge,STRONG,BUF -7.5,False
2021,18,SEA,ARI,5.5,-1.0895026620339194,-6.58950266203392,huge,STRONG,SEA -5.5,True
2023,11,NYJ,BUF,8.0,14.582460936878716,6.582460936878716,huge,STRONG,BUF +8.0,True
2020,13,LV,NYJ,-7.5,-0.9470513975276584,6.552948602472341,huge,STRONG,NYJ -7.5,False
2024,2,PIT,DEN,-3.0,3.5341921383704884,6.534192138370488,huge,STRONG,DEN -3.0,False
2021,1,JAX,HOU,-3.5,3.0249480561860635,6.524948056186064,huge,STRONG,HOU -3.5,True
2021,13,IND,HOU,-10.0,-3.4812594839868924,6.518740516013107,huge,STRONG,HOU -10.0,False
2023,2,GB,ATL,3.0,-3.496480214931612,-6.496480214931612,huge,STRONG,GB -3.0,False
2020,4,ATL,GB,5.0,11.493627539916185,6.493627539916185,huge,STRONG,GB +5.0,True
2018,14,NYG,WAS,-3.0,3.479378930260522,6.479378930260522,huge,STRONG,WAS -3.0,False
2020,1,TEN,DEN,-3.0,3.4711368821153363,6.471136882115337,huge,STRONG,DEN -3.0,False
2023,14,TEN,MIA,14.0,7.529747223895637,-6.470252776104363,huge,STRONG,TEN -14.0,True
2020,12,CAR,MIN,3.0,9.469791504325151,6.469791504325151,huge,STRONG,MIN +3.0,True
2020,2,KC,LAC,-8.5,-2.034577456546742,6.465422543453258,huge,STRONG,LAC -8.5,False
2022,2,CIN,DAL,-7.5,-1.0397509036814332,6.460249096318567,huge,STRONG,DAL -7.5,True
2019,17,LAC,KC,10.0,3.556655018548482,-6.443344981451518,huge,STRONG,LAC -10.0,False
2021,10,JAX,IND,10.5,4.07571300286566,-6.42428699713434,huge,STRONG,JAX -10.5,False
2019,2,CLE,NYJ,-6.5,-0.0918688541246675,6.408131145875332,huge,STRONG,NYJ -6.5,False
2018,2,NYG,DAL,3.0,9.407918727736376,6.4079187277363765,huge,STRONG,DAL +3.0,True
2022,16,DET,CAR,-2.5,-8.891760666505162,-6.391760666505162,huge,STRONG,DET +2.5,False
2021,17,MIA,TEN,3.0,-3.3643244450192697,-6.364324445019269,huge,STRONG,MIA -3.0,False
2018,16,BAL,LAC,4.0,-2.354839533657754,-6.354839533657755,huge,STRONG,BAL -4.0,True
2023,11,LAC,GB,-3.0,3.3459393471380485,6.3459393471380485,huge,STRONG,GB -3.0,True
2018,1,ATL,PHI,1.0,7.311769383408926,6.311769383408926,huge,STRONG,PHI +1.0,True
2022,12,BAL,JAX,-3.5,-9.796098379820624,-6.296098379820624,huge,STRONG,BAL +3.5,False
2020,9,LV,LAC,-1.0,5.289588906410887,6.289588906410887,huge,STRONG,LAC -1.0,False
2024,2,BUF,MIA,2.5,-3.7858902387580176,-6.285890238758018,huge,STRONG,BUF -2.5,True
2024,18,CLE,BAL,19.5,13.220979801659793,-6.279020198340207,huge,STRONG,CLE -19.5,False
2018,16,GB,NYJ,-3.0,-9.275154394844916,-6.275154394844916,huge,STRONG,GB +3.0,True
2018,7,HOU,JAX,4.0,-2.2727729182882523,-6.272772918288252,huge,STRONG,HOU -4.0,True
2023,3,PHI,TB,-6.0,0.257275755978633,6.257275755978633,huge,STRONG,TB -6.0,False
2018,2,BAL,CIN,1.0,-5.244106809291044,-6.244106809291044,huge,STRONG,BAL -1.0,False
2021,18,KC,DEN,-11.5,-5.257127229551471,6.242872770448529,huge,STRONG,DEN -11.5,False
2024,10,NYJ,ARI,-2.0,4.241264810408665,6.241264810408665,huge,STRONG,ARI -2.0,True
2024,1,NYJ,SF,3.5,9.73939880443939,6.239398804439389,huge,STRONG,SF +3.5,True
2021,14,JAX,TEN,8.5,2.2696497530445456,-6.230350246955455,huge,STRONG,JAX -8.5,False
2021,7,CAR,NYG,-3.0,3.2267765819438448,6.226776581943845,huge,STRONG,NYG -3.0,True
2021,17,LV,IND,8.5,2.280538652182673,-6.219461347817327,huge,STRONG,LV -8.5,True
2020,8,DAL,PHI,10.0,3.784133110272637,-6.215866889727363,huge,STRONG,DAL -10.0,False
2022,17,DAL,TEN,-14.0,-7.794729223502381,6.205270776497619,huge,STRONG,TEN -14.0,False
2020,16,CLE,NYJ,-6.5,-0.3116964403315639,6.188303559668436,huge,STRONG,NYJ -6.5,True
2018,2,KC,PIT,4.5,-1.6767631266655458,-6.176763126665546,huge,STRONG,KC -4.5,True
2019,10,DET,CHI,6.0,-0.169508403311699,-6.169508403311699,huge,STRONG,DET -6.0,False
2018,2,ARI,LA,13.5,7.334737231717918,-6.165262768282082,huge,STRONG,ARI -13.5,False
2022,7,DET,DAL,7.0,0.8688504366782146,-6.131149563321785,huge,STRONG,DET -7.0,False
2019,14,CIN,CLE,6.5,0.3793279810473414,-6.120672018952659,huge,STRONG,CIN -6.5,False
2023,10,NO,MIN,-3.0,3.119084889607972,6.119084889607972,huge,STRONG,MIN -3.0,True
2018,1,TEN,MIA,-1.0,5.1190581833891535,6.1190581833891535,huge,STRONG,MIA -1.0,True
2020,16,CIN,HOU,7.5,1.3824037804642126,-6.117596219535788,huge,STRONG,CIN -7.5,True
2024,17,DET,SF,-4.0,2.1173341936173418,6.117334193617342,huge,STRONG,SF -4.0,False
2022,16,GB,MIA,3.5,-2.6107299988656902,-6.11072999886569,huge,STRONG,GB -3.5,True
2018,8,BAL,CAR,-2.5,-8.592674201548029,-6.092674201548029,huge,STRONG,BAL +2.5,False
2019,7,OAK,GB,5.5,11.581198552779163,6.081198552779163,huge,STRONG,GB +5.5,True
2021,1,DAL,TB,10.0,3.928352404217602,-6.071647595782398,huge,STRONG,DAL -10.0,False
2019,13,CLE,PIT,-1.0,5.071551296936454,6.071551296936454,huge,STRONG,PIT -1.0,True
2019,15,BUF,PIT,1.0,-5.067066897469225,-6.067066897469225,huge,STRONG,BUF -1.0,True
2021,3,BAL,DET,-7.5,-1.444577735819008,6.055422264180992,huge,STRONG,DET -7.5,False
2021,15,TEN,PIT,1.0,7.051500985001261,6.051500985001261,huge,STRONG,PIT +1.0,True
2018,17,SF,LA,10.5,4.456335038453476,-6.043664961546524,huge,STRONG,SF -10.5,False
2022,13,NYJ,MIN,3.0,9.043210137861683,6.043210137861683,huge,STRONG,MIN +3.0,True
2022,9,BAL,NO,-1.0,-7.039898392859158,-6.039898392859158,huge,STRONG,BAL +1.0,True
2024,13,IND,NE,-2.5,3.535422250085909,6.035422250085909,huge,STRONG,NE -2.5,False
2020,5,BUF,TEN,-3.0,-9.028787834848028,-6.028787834848028,huge,STRONG,BUF +3.0,False
2022,4,NYJ,PIT,3.0,9.014034308655624,6.014034308655624,huge,STRONG,PIT +3.0,False
2023,12,TB,IND,2.5,-3.51372982338257,-6.01372982338257,huge,STRONG,TB -2.5,False
2021,9,DEN,DAL,10.5,4.503728979314828,-5.996271020685172,huge,STRONG,DEN -10.5,True
2018,5,ARI,SF,3.0,8.985208102955868,5.985208102955868,huge,STRONG,SF +3.0,False
2024,10,SF,TB,-6.5,-0.541067022858156,5.958932977141844,huge,STRONG,TB -6.5,False
2020,13,BUF,SF,1.5,-4.458893095101197,-5.958893095101197,huge,STRONG,BUF -1.5,True
2023,3,ATL,DET,3.0,8.931590858984254,5.931590858984254,huge,STRONG,DET +3.0,True
2022,3,BAL,NE,-2.5,-8.428072978767185,-5.928072978767185,huge,STRONG,BAL +2.5,True
2019,12,DEN,BUF,3.5,9.422150246793704,5.922150246793704,huge,STRONG,BUF +3.5,True
2022,16,DEN,LA,-3.0,2.919915187628892,5.919915187628892,huge,STRONG,LA -3.0,True
2022,6,NYJ,GB,7.5,13.40730069698639,5.90730069698639,huge,STRONG,GB +7.5,False
2023,10,ATL,ARI,-2.0,3.906084250972388,5.906084250972388,huge,STRONG,ARI -2.0,True
2022,17,ARI,ATL,7.0,1.094506938702643,-5.905493061297357,huge,STRONG,ARI -7.0,False
2020,14,KC,MIA,-7.5,-1.6067933645060632,5.893206635493937,huge,STRONG,MIA -7.5,False
2018,3,NO,ATL,1.5,-4.392600337715969,-5.892600337715969,huge,STRONG,NO -1.5,True
2019,16,GB,MIN,4.0,-1.8906898218470745,-5.890689821847074,huge,STRONG,GB -4.0,True
2018,12,GB,MIN,4.0,-1.8906898218470745,-5.890689821847074,huge,STRONG,GB -4.0,False
2021,1,MIA,NE,3.5,-2.3873756459396374,-5.887375645939637,huge,STRONG,MIA -3.5,True
2019,17,CLE,CIN,-2.5,3.377818321094133,5.877818321094133,huge,STRONG,CIN -2.5,True
2022,15,BAL,CLE,2.5,-3.377637594283454,-5.8776375942834544,huge,STRONG,BAL -2.5,False
2022,14,KC,DEN,-8.5,-2.631346447485928,5.868653552514072,huge,STRONG,DEN -8.5,False
2019,10,ATL,NO,14.0,8.149746639857444,-5.850253360142556,huge,STRONG,ATL -14.0,True
2020,11,GB,IND,1.5,-4.34967162482807,-5.84967162482807,huge,STRONG,GB -1.5,False
2018,2,SEA,CHI,5.0,-0.8377841100886032,-5.837784110088603,huge,STRONG,SEA -5.0,False
2018,11,PHI,NO,7.0,1.164846434944137,-5.8351535650558635,huge,STRONG,PHI -7.0,False
2019,11,HOU,BAL,4.0,9.834825441871402,5.834825441871402,huge,STRONG,BAL +4.0,True
2019,4,KC,DET,-7.5,-1.6812759040755072,5.818724095924493,huge,STRONG,DET -7.5,False
2020,10,SF,NO,9.5,3.696998257291604,-5.803001742708396,huge,STRONG,SF -9.5,False
2023,15,BAL,JAX,-4.0,-9.796098379820624,-5.796098379820624,huge,STRONG,BAL +4.0,True
2018,15,DAL,IND,3.0,-2.788115578084432,-5.788115578084431,huge,STRONG,DAL -3.0,False
2019,7,ARI,NYG,3.5,-2.2841842841479347,-5.784184284147935,huge,STRONG,ARI -3.5,True
2023,18,JAX,TEN,-3.5,2.2696497530445456,5.769649753044545,huge,STRONG,TEN -3.5,True
2019,9,DET,OAK,2.5,-3.26026656113182,-5.76026656113182,huge,STRONG,DET -2.5,False
2018,13,DEN,CIN,-3.5,2.248918329489463,5.748918329489463,huge,STRONG,CIN -3.5,False
2019,8,DEN,IND,6.0,0.2702380161959959,-5.729761983804004,huge,STRONG,DEN -6.0,False
2018,6,CAR,WAS,-1.0,4.723123931326705,5.723123931326705,huge,STRONG,WAS -1.0,True
2019,8,LAC,CHI,3.5,-2.2188194506293213,-5.718819450629321,huge,STRONG,LAC -3.5,True
2020,2,ATL,DAL,3.0,8.712148121525034,5.7121481215250345,huge,STRONG,DAL +3.0,True
2019,11,KC,LAC,-5.5,0.200491283592992,5.700491283592992,huge,STRONG,LAC -5.5,False
2020,3,NYJ,IND,12.5,6.804055921087582,-5.695944078912418,huge,STRONG,NYJ -12.5,False
2021,5,LA,SEA,-2.5,3.192092413096761,5.692092413096761,huge,STRONG,SEA -2.5,False
2022,6,TB,PIT,-10.0,-4.346113538809376,5.653886461190624,huge,STRONG,PIT -10.0,True
2018,10,ARI,KC,16.5,10.847241267979298,-5.652758732020702,huge,STRONG,ARI -16.5,False
2020,12,KC,TB,-3.5,2.1508096201860814,5.650809620186081,huge,STRONG,TB -3.5,False
2020,14,BAL,CLE,-3.0,-8.636278986333735,-5.6362789863337355,huge,STRONG,BAL +3.0,True
2018,5,NYG,CAR,7.0,1.3766179693805811,-5.623382030619419,huge,STRONG,NYG -7.0,False
2021,3,CHI,CLE,7.5,1.8847785135151327,-5.6152214864848675,huge,STRONG,CHI -7.5,False
2022,18,ARI,SF,14.0,8.386285689162765,-5.613714310837235,huge,STRONG,ARI -14.0,False
2021,9,NYJ,IND,10.5,4.886335614574172,-5.613664385425828,huge,STRONG,NYJ -10.5,False
2020,14,PIT,BUF,2.0,7.613006303058975,5.613006303058975,huge,STRONG,BUF +2.0,True
2023,3,DAL,ARI,-11.5,-5.901073052949678,5.598926947050322,huge,STRONG,ARI -11.5,True
2020,9,NE,NYJ,-9.5,-3.907083399706429,5.592916600293571,huge,STRONG,NYJ -9.5,False
2024,10,NYG,CAR,-6.5,-0.9088065250130984,5.591193474986902,huge,STRONG,CAR -6.5,True
2021,4,TEN,NYJ,-5.5,0.082046351181519,5.582046351181519,huge,STRONG,NYJ -5.5,True
2021,17,TB,NYJ,-14.5,-8.918454229600632,5.581545770399368,huge,STRONG,NYJ -14.5,False
2018,2,MIA,NYJ,3.0,-2.5812750570665792,-5.581275057066579,huge,STRONG,MIA -3.0,True
2024,1,DEN,SEA,6.5,0.9189201923604864,-5.581079807639513,huge,STRONG,DEN -6.5,False
2022,1,PIT,CIN,7.5,1.9198759482973096,-5.580124051702691,huge,STRONG,PIT -7.5,True
2020,14,ATL,LAC,1.0,6.576540297939076,5.576540297939076,huge,STRONG,LAC +1.0,True
2023,10,TEN,TB,2.5,8.066414538451152,5.566414538451152,huge,STRONG,TB +2.5,True
2018,5,IND,NE,10.5,4.957543265050126,-5.542456734949874,huge,STRONG,IND -10.5,False
2023,2,SF,LA,-7.5,-1.9650042918813564,5.534995708118643,huge,STRONG,LA -7.5,False
2018,3,LAC,LA,7.5,1.976047534011241,-5.523952465988759,huge,STRONG,LAC -7.5,False
2019,11,DEN,MIN,10.0,4.477727033983567,-5.522272966016433,huge,STRONG,DEN -10.0,False
2022,6,ARI,SEA,-2.5,3.022150233391902,5.522150233391902,huge,STRONG,SEA -2.5,True
2023,15,LAC,LV,3.0,-2.5002429305628064,-5.500242930562806,huge,STRONG,LAC -3.0,False
2021,5,TEN,JAX,-4.0,1.4874965490969276,5.487496549096928,huge,STRONG,JAX -4.0,False
2018,6,KC,NE,4.0,-1.486688248136564,-5.486688248136564,huge,STRONG,KC -4.0,False
2024,3,NE,NYJ,6.5,1.0210062296087945,-5.478993770391206,huge,STRONG,NE -6.5,False
2023,10,NYJ,LV,-1.0,4.47481860393693,5.47481860393693,huge,STRONG,LV -1.0,True
2024,14,CHI,SF,3.0,8.473055872257907,5.473055872257907,huge,STRONG,SF +3.0,True
2023,12,JAX,HOU,-1.0,4.470145100521039,5.470145100521039,huge,STRONG,HOU -1.0,False
2018,10,DAL,PHI,7.5,2.029898385529745,-5.470101614470255,huge,STRONG,DAL -7.5,True
2024,4,KC,LAC,-7.5,-2.034577456546742,5.465422543453258,huge,STRONG,LAC -7.5,False
2021,9,LAC,PHI,-1.0,4.464321952759033,5.464321952759033,huge,STRONG,PHI -1.0,False
2022,11,CLE,BUF,7.5,12.963312035131588,5.4633120351315885,huge,STRONG,BUF +7.5,True
2020,6,HOU,TEN,4.0,-1.4487694870461496,-5.44876948704615,huge,STRONG,HOU -4.0,False
2022,2,ATL,LA,10.5,5.053056608378836,-5.446943391621164,huge,STRONG,ATL -10.5,False
2020,15,HOU,IND,7.5,2.055186483081477,-5.444813516918523,huge,STRONG,HOU -7.5,False
2020,7,NYG,PHI,5.0,10.442306057840014,5.442306057840014,huge,STRONG,PHI +5.0,True
2021,8,PHI,DET,-3.0,2.4381548873609207,5.438154887360921,huge,STRONG,DET -3.0,False
2019,13,PHI,MIA,-10.5,-5.071582868225087,5.428417131774913,huge,STRONG,MIA -10.5,True
2023,17,ARI,PHI,12.0,6.578364366264674,-5.421635633735326,huge,STRONG,ARI -12.0,True
2019,1,KC,JAX,-3.5,-8.918740916195041,-5.418740916195041,huge,STRONG,KC +3.5,True
2023,3,NO,GB,-1.5,3.906434486545888,5.406434486545888,huge,STRONG,GB -1.5,True
2018,6,LAC,CLE,1.0,-4.4028663016052425,-5.4028663016052425,huge,STRONG,LAC -1.0,True
2023,5,NYJ,DEN,2.5,7.893444464070097,5.393444464070097,huge,STRONG,DEN +2.5,False
2018,17,CLE,BAL,7.0,12.393425288475209,5.393425288475209,huge,STRONG,BAL +7.0,True
2020,1,CLE,BAL,7.0,12.393425288475209,5.393425288475209,huge,STRONG,BAL +7.0,True
2021,2,MIN,ARI,4.0,-1.383293531494198,-5.383293531494198,huge,STRONG,MIN -4.0,False
2024,6,JAX,CHI,-1.5,3.874372116431789,5.374372116431789,huge,STRONG,CHI -1.5,True
2022,6,BAL,NYG,-5.5,-10.866708122521798,-5.366708122521798,huge,STRONG,BAL +5.5,False
2018,10,LAC,OAK,-10.5,-5.14203374880032,5.35796625119968,huge,STRONG,OAK -10.5,False
2023,13,MIA,WAS,-8.5,-3.147972143102855,5.352027856897145,huge,STRONG,WAS -8.5,False
2022,18,NYG,PHI,16.5,11.14959575599545,-5.350404244004549,huge,STRONG,NYG -16.5,False
2021,5,NE,HOU,-8.0,-2.652145033245412,5.347854966754587,huge,STRONG,HOU -8.0,False
2021,6,LAC,BAL,3.0,8.34705457593896,5.3470545759389605,huge,STRONG,BAL +3.0,True
2020,14,DEN,CAR,4.0,-1.3422711601196549,-5.342271160119655,huge,STRONG,DEN -4.0,True
2018,1,SF,MIN,6.0,0.6607479578315469,-5.339252042168453,huge,STRONG,SF -6.0,False
2018,4,BAL,PIT,3.0,-2.3391669368969987,-5.339166936896999,huge,STRONG,BAL -3.0,True
2018,17,NYJ,NE,14.0,8.663102663419462,-5.336897336580538,huge,STRONG,NYJ -14.0,False
2019,8,GB,KC,-5.0,0.2841836088366896,5.28418360883669,huge,STRONG,KC -5.0,False
2023,3,IND,BAL,7.5,12.774906143796075,5.274906143796075,huge,STRONG,BAL +7.5,False
2020,6,NYJ,MIA,9.5,4.23299716784074,-5.26700283215926,huge,STRONG,NYJ -9.5,False
2018,16,NYG,IND,10.0,4.741229998581204,-5.258770001418796,huge,STRONG,NYG -10.0,False
2022,4,BUF,BAL,-3.0,2.254807094069528,5.254807094069529,huge,STRONG,BAL -3.0,False
2018,5,DAL,HOU,3.5,-1.7448055384476626,-5.244805538447663,huge,STRONG,DAL -3.5,False
2019,8,CIN,LA,12.0,6.758241816663825,-5.241758183336175,huge,STRONG,CIN -12.0,False
2022,11,SF,ARI,-10.0,-4.759784489890025,5.240215510109975,huge,STRONG,ARI -10.0,False
2024,5,TB,ATL,2.5,-2.738834797577155,-5.238834797577155,huge,STRONG,TB -2.5,False
2024,15,BAL,NYG,-16.5,-11.275182077033904,5.224817922966096,huge,STRONG,NYG -16.5,False
2019,12,DAL,NE,5.5,0.2908545358949567,-5.209145464105044,huge,STRONG,DAL -5.5,False
2024,12,SF,GB,6.5,1.294821904543997,-5.205178095456003,huge,STRONG,SF -6.5,False
2020,8,NE,BUF,4.0,9.202811060183864,5.202811060183864,huge,STRONG,BUF +4.0,True
2020,13,IND,HOU,-3.5,1.701959819059997,5.201959819059997,huge,STRONG,HOU -3.5,False
2018,11,GB,SEA,3.0,-2.1844806913073525,-5.1844806913073525,huge,STRONG,GB -3.0,False
2020,10,HOU,CLE,4.5,-0.680026695533067,-5.180026695533067,huge,STRONG,HOU -4.5,False
2019,3,BAL,KC,4.5,-0.6767576661800094,-5.176757666180009,huge,STRONG,BAL -4.5,False
2023,16,GB,CAR,-3.5,-8.652972569804723,-5.152972569804723,huge,STRONG,GB +3.5,True
2023,9,BUF,CIN,1.5,-3.648550679925784,-5.148550679925783,huge,STRONG,BUF -1.5,False
2024,17,LAC,NE,-6.0,-0.8629000347936464,5.137099965206353,huge,STRONG,NE -6.0,False
2018,8,MIA,HOU,7.5,2.369758005009843,-5.130241994990158,huge,STRONG,MIA -7.5,False
2021,7,PHI,LV,1.0,-4.118191405957711,-5.118191405957711,huge,STRONG,PHI -1.0,False
2018,15,DET,BUF,2.5,7.617519080468936,5.117519080468936,huge,STRONG,BUF +2.5,True
2022,1,BAL,NYJ,-6.5,-11.607555251818347,-5.107555251818347,huge,STRONG,BAL +6.5,True
2024,17,IND,NYG,-7.5,-2.394281507527418,5.105718492472581,huge,STRONG,NYG -7.5,True
2022,5,SEA,NO,5.5,0.399048363193543,-5.100951636806457,huge,STRONG,SEA -5.5,False
2021,2,SF,PHI,-3.0,2.0986724904605496,5.098672490460549,huge,STRONG,PHI -3.0,False
2024,10,NE,CHI,6.5,1.4096551962730342,-5.090344803726966,huge,STRONG,NE -6.5,True
2020,3,DET,ARI,4.5,-0.5887708149061379,-5.0887708149061375,huge,STRONG,DET -4.5,True
2019,16,LA,SF,7.0,1.911679490288983,-5.088320509711017,huge,STRONG,LA -7.0,False
2021,9,BUF,JAX,-14.5,-9.419864436821834,5.080135563178166,huge,STRONG,JAX -14.5,True
2021,16,PIT,KC,10.5,5.43390942880702,-5.06609057119298,huge,STRONG,PIT -10.5,False
2022,17,LA,LAC,6.5,1.4340001054517677,-5.0659998945482325,huge,STRONG,LA -6.5,False
2023,7,CLE,IND,-3.5,1.565519019887799,5.065519019887799,huge,STRONG,IND -3.5,False
2018,7,CAR,PHI,5.0,10.061199143885537,5.061199143885537,huge,STRONG,PHI +5.0,False
2020,14,DAL,CIN,-3.0,2.0611226040886863,5.061122604088686,huge,STRONG,CIN -3.0,False
2018,12,NYG,PHI,4.5,9.559243962195382,5.0592439621953815,huge,STRONG,PHI +4.5,True
2023,4,MIA,BUF,2.5,7.543036540899491,5.043036540899491,huge,STRONG,BUF +2.5,True
2021,10,NO,TEN,3.0,-2.042074281103855,-5.042074281103854,huge,STRONG,NO -3.0,False
2020,15,NE,MIA,-1.5,3.53834767035511,5.03834767035511,huge,STRONG,MIA -1.5,True
2022,18,LA,SEA,5.5,0.4635347742672921,-5.036465225732708,huge,STRONG,LA -5.5,False
2022,14,CAR,SEA,3.5,8.533111099483682,5.033111099483682,huge,STRONG,SEA +3.5,False
2019,3,CIN,BUF,5.5,10.51794617545302,5.0179461754530195,huge,STRONG,BUF +5.5,True
2022,13,NO,TB,3.5,8.51395034686523,5.013950346865229,huge,STRONG,TB +3.5,True
2020,2,CAR,TB,7.5,12.507354311998682,5.007354311998682,huge,STRONG,TB +7.5,True
2021,1,BAL,LV,-3.0,-8.000924029137638,-5.000924029137638,huge,STRONG,BAL +3.0,False
2019,17,IND,JAX,-5.0,-0.0017689131342408,4.99823108686576,large,MEDIUM,JAX -5.0,True
2023,16,CIN,PIT,-3.0,1.9862178164032416,4.986217816403242,large,MEDIUM,PIT -3.0,True
2019,16,HOU,TB,-3.0,1.9676488718752327,4.967648871875233,large,MEDIUM,TB -3.0,False
2020,3,GB,NO,3.5,-1.465307748988002,-4.9653077489880015,large,MEDIUM,GB -3.5,True
2020,15,SF,DAL,-4.0,0.9496409670293716,4.949640967029372,large,MEDIUM,DAL -4.0,True
2023,12,GB,DET,8.5,3.5565374929819065,-4.9434625070180935,large,MEDIUM,GB -8.5,True
2023,12,MIA,NYJ,-9.5,-4.566023658701591,4.933976341298409,large,MEDIUM,NYJ -9.5,False
2023,13,KC,GB,-5.5,-0.5672112604794306,4.93278873952057,large,MEDIUM,GB -5.5,True
2018,12,CLE,CIN,-1.0,3.930166324723897,4.930166324723897,large,MEDIUM,CIN -1.0,False
2023,12,PIT,CIN,-2.0,2.92627126889211,4.92627126889211,large,MEDIUM,CIN -2.0,False
2022,9,PHI,HOU,-14.0,-9.076058539903403,4.9239414600965965,large,MEDIUM,HOU -14.0,False
2019,12,TB,ATL,3.5,-1.4206988506696567,-4.920698850669657,large,MEDIUM,TB -3.5,True
2023,17,MIA,BAL,3.0,7.919270483898282,4.919270483898282,large,MEDIUM,BAL +3.0,True
2022,2,MIA,BAL,3.0,7.919270483898282,4.919270483898282,large,MEDIUM,BAL +3.0,False
2019,10,NYG,NYJ,-3.0,1.9187326958565027,4.9187326958565025,large,MEDIUM,NYJ -3.0,True
2019,10,BAL,CIN,-10.5,-5.5815097691234055,4.9184902308765945,large,MEDIUM,CIN -10.5,False
2022,2,ARI,LV,5.5,0.5815998092362267,-4.918400190763773,large,MEDIUM,ARI -5.5,True
2020,5,MIN,SEA,6.5,1.5847822816104589,-4.915217718389541,large,MEDIUM,MIN -6.5,False
2020,1,LAC,CIN,-2.5,2.4150456863249894,4.915045686324989,large,MEDIUM,CIN -2.5,False
2020,4,BAL,WAS,-14.5,-9.590190519919684,4.909809480080316,large,MEDIUM,WAS -14.5,False
2019,14,TEN,OAK,-3.0,1.9081484953887429,4.908148495388743,large,MEDIUM,OAK -3.0,False
2024,16,HOU,KC,3.5,8.406341915261052,4.906341915261052,large,MEDIUM,KC +3.5,True
2020,3,DAL,SEA,5.5,0.5969987270837948,-4.903001272916205,large,MEDIUM,DAL -5.5,False
2021,18,WAS,NYG,-6.0,-1.1012527140356858,4.898747285964314,large,MEDIUM,NYG -6.0,False
2023,18,CHI,GB,2.5,7.398515422118689,4.898515422118689,large,MEDIUM,GB +2.5,True
2019,4,CLE,BAL,7.5,12.393425288475209,4.893425288475209,large,MEDIUM,BAL +7.5,False
2018,5,MIA,CIN,6.0,1.1082397043591168,-4.891760295640883,large,MEDIUM,MIA -6.0,False
2023,7,LV,CHI,-2.5,2.384022557000592,4.884022557000592,large,MEDIUM,CHI -2.5,True
2023,14,CAR,NO,5.5,10.382257536471046,4.882257536471046,large,MEDIUM,NO +5.5,True
2023,3,CAR,SEA,5.0,9.868807560463718,4.868807560463718,large,MEDIUM,SEA +5.0,True
2024,6,LAC,DEN,-3.0,1.867760778596512,4.867760778596512,large,MEDIUM,DEN -3.0,False
2024,18,LAC,LV,-7.0,-2.1368217000016165,4.863178299998383,large,MEDIUM,LV -7.0,False
2019,1,LA,CAR,-1.5,-6.349662906779335,-4.849662906779335,large,MEDIUM,LA +1.5,True
2021,13,DAL,NO,-6.0,-1.151500744389958,4.848499255610042,large,MEDIUM,NO -6.0,False
2024,2,NYG,WAS,1.5,6.340889301767225,4.840889301767225,large,MEDIUM,WAS +1.5,True
2022,10,DEN,TEN,2.5,-2.3397713620394054,-4.839771362039405,large,MEDIUM,DEN -2.5,False
2018,12,ARI,LAC,14.0,9.169159400501552,-4.830840599498448,large,MEDIUM,ARI -14.0,False
2020,10,CIN,PIT,6.5,1.6712638300790197,-4.8287361699209805,large,MEDIUM,CIN -6.5,False
2019,8,NYJ,JAX,7.0,2.1743723817868186,-4.825627618213181,large,MEDIUM,NYJ -7.0,False
2020,9,CHI,TEN,6.5,1.6809461122016869,-4.819053887798313,large,MEDIUM,CHI -6.5,False
2019,7,SF,WAS,-10.0,-5.193801388565917,4.806198611434083,large,MEDIUM,WAS -10.0,False
2024,18,BUF,NE,-3.0,-7.805835738040958,-4.805835738040958,large,MEDIUM,BUF +3.0,False
2022,16,NYG,MIN,4.5,9.303197268854342,4.803197268854342,large,MEDIUM,MIN +4.5,True
2024,2,CLE,JAX,3.0,-1.7848638532535934,-4.784863853253594,large,MEDIUM,CLE -3.0,True
2022,5,CIN,BAL,3.0,7.781930925066048,4.781930925066048,large,MEDIUM,BAL +3.0,True
2020,15,LAC,LV,3.5,-1.271345307304229,-4.7713453073042285,large,MEDIUM,LAC -3.5,True
2023,5,TEN,IND,-2.5,2.2658350872629507,4.765835087262951,large,MEDIUM,IND -2.5,True
2018,1,TB,NO,10.0,5.240022051910152,-4.759977948089848,large,MEDIUM,TB -10.0,True
2022,17,SF,LV,-10.0,-5.250505117261397,4.749494882738603,large,MEDIUM,LV -10.0,False
2021,2,CIN,CHI,2.0,-2.739126574782817,-4.7391265747828175,large,MEDIUM,CIN -2.0,False
2020,1,TB,NO,4.0,-0.7336075837437197,-4.733607583743719,large,MEDIUM,TB -4.0,False
2018,14,CAR,CLE,-1.0,3.727895373304325,4.7278953733043245,large,MEDIUM,CLE -1.0,True
2020,9,HOU,JAX,-7.0,-2.2727729182882523,4.727227081711748,large,MEDIUM,JAX -7.0,False
2018,11,TB,NYG,3.0,-1.7269220430878922,-4.726922043087892,large,MEDIUM,TB -3.0,False
2021,5,DEN,PIT,-2.0,2.725935485610066,4.725935485610066,large,MEDIUM,PIT -2.0,True
2018,13,MIN,NE,6.0,1.2786380904216206,-4.72136190957838,large,MEDIUM,MIN -6.0,False
2020,7,SF,NE,3.0,-1.7190667384714415,-4.719066738471442,large,MEDIUM,SF -3.0,True
2022,18,LAC,DEN,6.0,1.281804160131551,-4.718195839868449,large,MEDIUM,LAC -6.0,False
2020,5,CIN,BAL,12.5,7.781930925066048,-4.718069074933952,large,MEDIUM,CIN -12.5,False
2023,10,CAR,CHI,3.0,7.703215394001692,4.703215394001692,large,MEDIUM,CHI +3.0,True
2019,14,MIA,NYJ,5.0,0.305155808383048,-4.694844191616952,large,MEDIUM,MIA -5.0,False
2023,2,IND,HOU,-1.0,3.691806562355016,4.691806562355016,large,MEDIUM,HOU -1.0,False
2019,8,PHI,BUF,1.0,5.683887574895204,4.683887574895204,large,MEDIUM,BUF +1.0,False
2020,1,SEA,ATL,1.0,-3.6734273953966174,-4.673427395396617,large,MEDIUM,SEA -1.0,True
2023,5,CHI,WAS,6.0,1.332388023918465,-4.667611976081535,large,MEDIUM,CHI -6.0,True
2020,3,WAS,CLE,7.5,2.8324846846566887,-4.667515315343311,large,MEDIUM,WAS -7.5,False
2021,7,DEN,CLE,2.0,-2.6604693843935823,-4.660469384393583,large,MEDIUM,DEN -2.0,False
2019,15,CHI,GB,4.0,8.657984254608166,4.6579842546081665,large,MEDIUM,GB +4.0,True
2021,12,TEN,NE,7.5,2.855521950150369,-4.644478049849631,large,MEDIUM,TEN -7.5,False
2018,2,IND,WAS,6.0,1.3585119021260816,-4.641488097873919,large,MEDIUM,IND -6.0,True
2023,1,GB,CHI,1.0,-3.641369119977216,-4.641369119977216,large,MEDIUM,GB -1.0,True
2018,10,CAR,PIT,3.5,8.132080415721767,4.6320804157217665,large,MEDIUM,PIT +3.5,True
2024,2,NYJ,TEN,-3.5,1.1319172431300817,4.631917243130082,large,MEDIUM,TEN -3.5,False
2023,17,DET,DAL,5.5,0.8688504366782146,-4.631149563321785,large,MEDIUM,DET -5.5,False
2023,10,GB,PIT,3.0,-1.628092658143864,-4.6280926581438635,large,MEDIUM,GB -3.0,False
2020,4,BUF,LV,-3.0,-7.624690086138847,-4.624690086138847,large,MEDIUM,BUF +3.0,True
2020,16,NYG,BAL,10.0,14.623854424663271,4.623854424663271,large,MEDIUM,BAL +10.0,True
2018,6,BAL,TEN,-2.5,-7.11919016546576,-4.61919016546576,large,MEDIUM,BAL +2.5,True
2022,14,HOU,DAL,17.0,12.38306386394254,-4.6169361360574594,large,MEDIUM,HOU -17.0,False
2024,17,MIA,CLE,-3.0,1.6056624687508667,4.605662468750866,large,MEDIUM,CLE -3.0,False
2021,2,NE,NYJ,-5.5,-0.8949024478981135,4.605097552101887,large,MEDIUM,NYJ -5.5,False
2023,11,TEN,JAX,6.5,1.895773025831822,-4.604226974168178,large,MEDIUM,TEN -6.5,False
2018,9,PIT,BAL,1.5,6.096313239038474,4.596313239038474,large,MEDIUM,BAL +1.5,False
2019,7,NE,NYJ,-9.5,-4.905956361277988,4.594043638722012,large,MEDIUM,NYJ -9.5,False
2023,5,CAR,DET,9.5,14.088083213857368,4.588083213857368,large,MEDIUM,DET +9.5,True
2023,18,KC,LAC,3.5,-1.080703318111131,-4.580703318111131,large,MEDIUM,KC -3.5,True
2022,17,CHI,DET,4.5,9.07647976402986,4.576479764029861,large,MEDIUM,DET +4.5,True
2023,15,PIT,IND,1.5,-3.073099270432718,-4.573099270432718,large,MEDIUM,PIT -1.5,False
2022,5,NYG,GB,8.5,13.072460241772154,4.572460241772154,large,MEDIUM,GB +8.5,False
2020,17,LV,DEN,-2.5,2.067039133406159,4.567039133406158,large,MEDIUM,DEN -2.5,False
2020,4,CLE,DAL,3.5,8.060551687192941,4.560551687192941,large,MEDIUM,DAL +3.5,False
2023,16,ARI,CHI,4.5,-0.0599605104042638,-4.559960510404264,large,MEDIUM,ARI -4.5,False
2021,15,DAL,NYG,-11.5,-6.942308475751639,4.557691524248361,large,MEDIUM,NYG -11.5,False
2022,13,BUF,NE,-3.5,-8.051839035768394,-4.551839035768394,large,MEDIUM,BUF +3.5,True
2020,16,IND,PIT,-1.0,3.5475450148736347,4.547545014873634,large,MEDIUM,PIT -1.0,True
2021,15,NO,TB,11.5,6.9584262996782975,-4.5415737003217025,large,MEDIUM,NO -11.5,True
2022,10,SEA,TB,2.5,7.034425558988036,4.534425558988036,large,MEDIUM,TB +2.5,True
2023,12,SF,SEA,-7.0,-2.475983760638824,4.524016239361176,large,MEDIUM,SEA -7.0,False
2023,13,SEA,DAL,9.5,4.984646305841171,-4.515353694158829,large,MEDIUM,SEA -9.5,False
2021,11,ARI,SEA,2.5,7.005314729332031,4.505314729332031,large,MEDIUM,SEA +2.5,False
2022,8,PIT,PHI,11.0,6.503621565906323,-4.496378434093677,large,MEDIUM,PIT -11.0,False
2023,14,TB,ATL,1.5,-2.993565425460493,-4.493565425460493,large,MEDIUM,TB -1.5,True
2019,14,KC,NE,3.0,-1.486688248136564,-4.486688248136564,large,MEDIUM,KC -3.0,True
2023,8,NYJ,NYG,-3.0,1.4701695368303371,4.470169536830337,large,MEDIUM,NYG -3.0,False
2023,15,KC,NE,-10.0,-5.535178431457779,4.464821568542221,large,MEDIUM,NE -10.0,False
2022,14,MIA,LAC,-3.0,1.450789059030058,4.450789059030058,large,MEDIUM,LAC -3.0,True
2019,15,HOU,TEN,3.0,-1.4487694870461496,-4.44876948704615,large,MEDIUM,HOU -3.0,True
2019,16,NYG,WAS,-1.0,3.44864792245688,4.44864792245688,large,MEDIUM,WAS -1.0,False
2023,9,CHI,NO,9.0,4.557615293540091,-4.442384706459909,large,MEDIUM,CHI -9.0,False
2024,10,PHI,DAL,-7.5,-3.0603760544968166,4.439623945503183,large,MEDIUM,DAL -7.5,False
2018,4,MIN,LA,7.5,3.063292005091681,-4.4367079949083195,large,MEDIUM,MIN -7.5,False
2021,3,IND,TEN,4.5,0.0725099012496233,-4.4274900987503765,large,MEDIUM,IND -4.5,False
2024,5,DAL,PIT,2.5,-1.9234660322891968,-4.4234660322891965,large,MEDIUM,DAL -2.5,True
2018,6,TB,ATL,3.0,-1.4206988506696567,-4.420698850669657,large,MEDIUM,TB -3.0,False
2020,8,TB,NYG,-13.0,-8.583613774386398,4.416386225613602,large,MEDIUM,NYG -13.0,False
2019,4,SEA,ARI,-5.5,-1.0895026620339194,4.41049733796608,large,MEDIUM,ARI -5.5,False
2019,5,GB,DAL,3.5,-0.9029062673204102,-4.40290626732041,large,MEDIUM,GB -3.5,True
2023,2,CHI,TB,2.5,6.895600632647571,4.395600632647571,large,MEDIUM,TB +2.5,True
2021,6,MIN,CAR,-2.5,-6.894254397585977,-4.394254397585977,large,MEDIUM,MIN +2.5,True
2018,11,CIN,BAL,6.5,10.894180118451812,4.394180118451812,large,MEDIUM,BAL +6.5,True
2018,17,IND,TEN,-5.0,-0.6076230714796981,4.392376928520302,large,MEDIUM,TEN -5.0,False
2022,1,GB,MIN,2.5,-1.8906898218470745,-4.390689821847074,large,MEDIUM,GB -2.5,False
2023,12,WAS,DAL,13.0,8.612942176789609,-4.387057823210391,large,MEDIUM,WAS -13.0,False
2019,14,DEN,HOU,8.0,3.613352058143024,-4.386647941856976,large,MEDIUM,DEN -8.0,True
2023,8,CHI,LAC,9.5,5.11811043294793,-4.38188956705207,large,MEDIUM,CHI -9.5,False
2019,16,JAX,ATL,7.5,3.121447077424863,-4.378552922575137,large,MEDIUM,JAX -7.5,False
2020,17,ARI,LA,1.0,5.378340430118718,4.378340430118718,large,MEDIUM,LA +1.0,True
2024,6,DET,DAL,-3.5,0.8688504366782146,4.368850436678215,large,MEDIUM,DAL -3.5,False
2023,8,KC,DEN,-7.0,-2.631346447485928,4.368653552514072,large,MEDIUM,DEN -7.0,True
2019,7,MIA,BUF,17.0,12.634043594191027,-4.365956405808973,large,MEDIUM,MIA -17.0,False
2022,12,NE,MIN,2.5,6.864562125099727,4.364562125099727,large,MEDIUM,MIN +2.5,True
2023,9,MIA,KC,1.0,5.3639396666475365,4.3639396666475365,large,MEDIUM,KC +1.0,True
2022,4,ARI,CAR,1.0,-3.344133404676215,-4.3441334046762154,large,MEDIUM,ARI -1.0,True
2018,1,SEA,DEN,3.0,-1.3405829658300903,-4.34058296583009,large,MEDIUM,SEA -3.0,False
2021,1,CLE,KC,5.5,9.83809447122446,4.33809447122446,large,MEDIUM,KC +5.5,True
2024,2,LV,BAL,9.0,13.33708778810288,4.337087788102879,large,MEDIUM,BAL +9.0,False
2019,3,CAR,ARI,2.5,6.829620224059068,4.329620224059068,large,MEDIUM,ARI +2.5,False
2018,6,IND,NYJ,2.5,-1.8269862472985985,-4.326986247298598,large,MEDIUM,IND -2.5,False
2021,1,LAC,WAS,2.5,-1.8268747870592577,-4.326874787059258,large,MEDIUM,LAC -2.5,True
2020,16,CAR,WAS,-1.0,3.3216849891436606,4.321684989143661,large,MEDIUM,WAS -1.0,False
2021,18,CHI,MIN,3.5,7.821458749194157,4.321458749194157,large,MEDIUM,MIN +3.5,True
2019,12,SEA,PHI,-1.0,3.311472809516688,4.3114728095166885,large,MEDIUM,PHI -1.0,False
2023,4,PIT,HOU,-3.0,1.303254607645191,4.303254607645191,large,MEDIUM,HOU -3.0,True
2018,6,PHI,NYG,-1.5,-5.802097660053907,-4.302097660053907,large,MEDIUM,PHI +1.5,True
2024,1,DAL,CLE,2.5,-1.7997877742140285,-4.299787774214028,large,MEDIUM,DAL -2.5,True
2022,12,TB,CLE,-3.0,-7.299305327853504,-4.299305327853504,large,MEDIUM,TB +3.0,False
2022,10,CLE,MIA,3.0,7.298848645302833,4.298848645302833,large,MEDIUM,MIA +3.0,True
2021,1,MIN,CIN,-3.0,1.295872532884356,4.295872532884356,large,MEDIUM,CIN -3.0,True
2019,8,SEA,ATL,-7.5,-3.2044977976954687,4.295502202304531,large,MEDIUM,ATL -7.5,False
2020,7,PIT,TEN,1.0,-3.294354682859787,-4.294354682859787,large,MEDIUM,PIT -1.0,True
2019,2,CHI,DEN,-3.0,1.2887331384883154,4.288733138488316,large,MEDIUM,DEN -3.0,False
2019,11,PIT,CLE,3.0,-1.283840731472096,-4.283840731472096,large,MEDIUM,PIT -3.0,False
2022,13,TEN,PHI,5.0,9.27943545680836,4.2794354568083595,large,MEDIUM,PHI +5.0,True
2018,15,SEA,SF,-3.5,0.7793209871692199,4.2793209871692195,large,MEDIUM,SF -3.5,True
2019,17,WAS,DAL,13.0,8.720906051994863,-4.279093948005137,large,MEDIUM,WAS -13.0,False
2018,17,LAC,DEN,-7.0,-2.7216183063708086,4.278381693629191,large,MEDIUM,DEN -7.0,False
2024,13,LA,NO,-2.5,1.7775638740899051,4.277563874089905,large,MEDIUM,NO -2.5,False
2024,18,SF,ARI,4.5,0.2338307178385589,-4.266169282161441,large,MEDIUM,SF -4.5,False
2020,4,MIN,HOU,3.5,-0.7570219839209987,-4.257021983920999,large,MEDIUM,MIN -3.5,True
2022,10,LAC,SF,8.5,4.244222613369221,-4.255777386630779,large,MEDIUM,LAC -8.5,False
2018,6,SF,GB,9.0,4.744542950453791,-4.255457049546209,large,MEDIUM,SF -9.0,False
2018,17,MIA,BUF,5.5,9.7476127287414,4.2476127287414,large,MEDIUM,BUF +5.5,True
2022,4,CLE,ATL,-1.0,3.237095233527046,4.237095233527047,large,MEDIUM,ATL -1.0,True
2018,4,NYJ,JAX,7.5,3.2646360734703883,-4.235363926529612,large,MEDIUM,NYJ -7.5,False
2024,8,NO,LAC,7.0,2.773039222945473,-4.226960777054527,large,MEDIUM,NO -7.0,False
2018,10,MIA,GB,13.0,8.77461611291939,-4.225383887080611,large,MEDIUM,MIA -13.0,False
2020,6,ATL,MIN,3.5,7.72436456699837,4.22436456699837,large,MEDIUM,MIN +3.5,False
2019,1,ATL,MIN,3.5,7.72436456699837,4.22436456699837,large,MEDIUM,MIN +3.5,True
2019,1,CIN,SEA,9.5,5.279732093182602,-4.220267906817398,large,MEDIUM,CIN -9.5,False
2024,5,NYJ,MIN,2.5,6.707222899651212,4.207222899651212,large,MEDIUM,MIN +2.5,True
2023,9,TB,HOU,2.5,-1.700496412098291,-4.200496412098291,large,MEDIUM,TB -2.5,False
2020,16,MIN,NO,6.5,2.303955223929809,-4.196044776070191,large,MEDIUM,MIN -6.5,False
2018,15,NE,PIT,-2.5,1.6884982725417552,4.188498272541755,large,MEDIUM,PIT -2.5,True
2023,18,DEN,LV,3.5,-0.6854920861480817,-4.1854920861480815,large,MEDIUM,DEN -3.5,False
2022,8,NYG,SEA,3.0,7.184907668610575,4.184907668610575,large,MEDIUM,SEA +3.0,True
2018,6,LA,DEN,-7.0,-2.819092689311313,4.180907310688687,large,MEDIUM,DEN -7.0,False
2019,17,ATL,TB,1.0,5.177845152811131,4.177845152811131,large,MEDIUM,TB +1.0,False
2024,9,TB,KC,9.0,4.827272352092024,-4.172727647907976,large,MEDIUM,TB -9.0,False
2020,7,DET,ATL,1.0,-3.172695548268836,-4.172695548268836,large,MEDIUM,DET -1.0,True
2021,3,SEA,MIN,-2.0,2.172364020531015,4.172364020531015,large,MEDIUM,MIN -2.0,True
2022,1,IND,HOU,-7.0,-2.838575097013712,4.161424902986289,large,MEDIUM,HOU -7.0,False
2022,12,DEN,CAR,-1.0,-5.149661137587496,-4.149661137587496,large,MEDIUM,DEN +1.0,False
2020,6,GB,TB,-3.0,1.1468729858264546,4.146872985826454,large,MEDIUM,TB -3.0,True
2019,10,LAC,OAK,-1.0,-5.14203374880032,-4.14203374880032,large,MEDIUM,LAC +1.0,False
2020,3,LA,BUF,1.5,5.6382775098599325,4.1382775098599325,large,MEDIUM,BUF +1.5,True
2018,15,HOU,NYJ,-7.0,-2.870296286935368,4.129703713064632,large,MEDIUM,NYJ -7.0,False
2023,12,BUF,PHI,2.5,-1.6279255291104,-4.1279255291104,large,MEDIUM,BUF -2.5,False
2020,11,NE,HOU,-2.5,1.62279271238199,4.12279271238199,large,MEDIUM,HOU -2.5,True
2023,11,ARI,HOU,5.5,1.3779974080035418,-4.122002591996458,large,MEDIUM,ARI -5.5,False
2023,6,DEN,KC,10.5,6.388492749627401,-4.111507250372599,large,MEDIUM,DEN -10.5,False
2024,1,PIT,ATL,4.0,-0.1079520312069863,-4.107952031206986,large,MEDIUM,PIT -4.0,True
2021,18,GB,DET,-4.0,0.1068164470721119,4.106816447072112,large,MEDIUM,DET -4.0,True
2022,9,GB,DET,-4.0,0.1068164470721119,4.106816447072112,large,MEDIUM,DET -4.0,True
2019,2,PHI,ATL,-1.0,-5.106327053842569,-4.106327053842569,large,MEDIUM,PHI +1.0,False
2024,5,MIA,NE,-2.0,2.101292754043418,4.101292754043418,large,MEDIUM,NE -2.0,False
2020,9,DEN,ATL,4.5,0.4031557772071269,-4.096844222792873,large,MEDIUM,DEN -4.5,False
2022,15,KC,HOU,-14.5,-10.403460345832585,4.096539654167415,large,MEDIUM,HOU -14.5,False
2023,4,ARI,SF,15.0,10.90670311203028,-4.09329688796972,large,MEDIUM,ARI -15.0,False
2020,12,LV,ATL,-3.5,0.5916217595425487,4.091621759542549,large,MEDIUM,ATL -3.5,True
2020,15,CLE,NYG,-6.0,-1.90941716072477,4.09058283927523,large,MEDIUM,NYG -6.0,False
2020,17,MIN,DET,-3.0,1.0840504344826771,4.084050434482677,large,MEDIUM,DET -3.0,False
2020,2,MIN,IND,3.5,-0.5804086519102586,-4.0804086519102585,large,MEDIUM,MIN -3.5,False
2023,13,SF,PHI,-3.0,1.080230372233948,4.080230372233948,large,MEDIUM,PHI -3.0,False
2023,1,ARI,WAS,7.0,2.9238503293722795,-4.0761496706277205,large,MEDIUM,ARI -7.0,False
2022,5,TEN,WAS,-1.0,3.074509470502203,4.074509470502203,large,MEDIUM,WAS -1.0,False
2024,8,MIN,LA,-3.0,1.0671716129068214,4.067171612906821,large,MEDIUM,LA -3.0,True
2022,18,HOU,IND,3.0,7.064650996856335,4.064650996856335,large,MEDIUM,IND +3.0,False
2019,7,NO,CHI,4.0,-0.0510662478102528,-4.051066247810253,large,MEDIUM,NO -4.0,True
2024,3,SF,LA,-6.0,-1.9650042918813564,4.034995708118643,large,MEDIUM,LA -6.0,True
2019,2,SF,CIN,1.0,-3.034201853740597,-4.034201853740597,large,MEDIUM,SF -1.0,True
2019,3,CHI,WAS,-5.0,-0.9658280647071076,4.034171935292893,large,MEDIUM,WAS -5.0,False
2022,13,LAC,LV,2.5,-1.5324426042694137,-4.032442604269414,large,MEDIUM,LAC -2.5,False
2019,16,DAL,PHI,-2.0,2.029898385529745,4.029898385529745,large,MEDIUM,PHI -2.0,True
2018,10,NYG,SF,3.0,7.027092139847915,4.027092139847915,large,MEDIUM,SF +3.0,False
2023,7,JAX,NO,2.5,6.524268117686035,4.024268117686035,large,MEDIUM,NO +2.5,False
2024,12,ARI,SEA,-1.0,3.022150233391902,4.022150233391902,large,MEDIUM,SEA -1.0,True
2019,6,SEA,CLE,1.0,-3.021830961064525,-4.021830961064525,large,MEDIUM,SEA -1.0,True
2023,5,GB,LV,1.0,-3.019247713099189,-4.019247713099189,large,MEDIUM,GB -1.0,False
2024,1,JAX,MIA,3.5,7.512547349134553,4.012547349134553,large,MEDIUM,MIA +3.5,True
2021,13,TB,ATL,-11.0,-7.004781072530426,3.9952189274695744,large,MEDIUM,ATL -11.0,False
2022,18,MIN,CHI,-6.5,-2.5087883998657503,3.9912116001342497,large,MEDIUM,CHI -6.5,False
2021,9,CLE,CIN,2.5,6.490067514479897,3.9900675144798967,large,MEDIUM,CIN +2.5,False
2022,5,PIT,BUF,14.0,10.01012024608746,-3.9898797539125397,large,MEDIUM,PIT -14.0,False
2020,8,PIT,BAL,4.0,7.989240246057766,3.989240246057766,large,MEDIUM,BAL +4.0,False
2019,11,ATL,CAR,3.5,-0.4885491885548954,-3.988549188554895,large,MEDIUM,ATL -3.5,True
2021,10,TB,WAS,-10.0,-6.01226186379208,3.98773813620792,large,MEDIUM,WAS -10.0,True
2022,14,NYJ,BUF,10.0,13.98763335067182,3.9876333506718193,large,MEDIUM,BUF +10.0,True
2020,13,DEN,KC,13.0,9.014273531692943,-3.985726468307057,large,MEDIUM,DEN -13.0,False
2024,7,PHI,NYG,-3.0,-6.983975499341872,-3.983975499341872,large,MEDIUM,PHI +3.0,True
2021,11,PIT,LAC,5.5,1.5207588211895409,-3.979241178810459,large,MEDIUM,PIT -5.5,False
2020,5,ARI,NYJ,-7.0,-3.025031413444483,3.974968586555517,large,MEDIUM,NYJ -7.0,False
2018,3,CIN,CAR,2.5,-1.4699942411862472,-3.969994241186247,large,MEDIUM,CIN -2.5,False
2019,15,JAX,OAK,7.0,3.03387606456188,-3.96612393543812,large,MEDIUM,JAX -7.0,True
2019,15,MIN,LAC,-1.0,2.9658176221511767,3.9658176221511767,large,MEDIUM,LAC -1.0,False
2024,14,CIN,DAL,-5.0,-1.0397509036814332,3.9602490963185666,large,MEDIUM,DAL -5.0,False
2018,8,NO,MIN,-2.5,1.4531910782116648,3.953191078211665,large,MEDIUM,MIN -2.5,False
2021,18,SF,LA,3.0,-0.9465621736547551,-3.946562173654755,large,MEDIUM,SF -3.0,True
2024,15,KC,CLE,-4.5,-8.444094720807122,-3.944094720807122,large,MEDIUM,KC +4.5,True
2022,2,CAR,NYG,-1.0,2.938522271599018,3.938522271599018,large,MEDIUM,NYG -1.0,True
2018,9,TEN,DAL,4.5,8.436389873344257,3.9363898733442575,large,MEDIUM,DAL +4.5,False
2019,12,OAK,NYJ,-3.5,0.4274710068635128,3.927471006863513,large,MEDIUM,NYJ -3.5,True
2018,17,OAK,KC,14.5,10.577261918419538,-3.922738081580462,large,MEDIUM,OAK -14.5,False
2023,5,NYG,MIA,12.5,8.583157091835728,-3.9168429081642717,large,MEDIUM,NYG -12.5,False
2020,6,LA,SF,-2.0,1.911679490288983,3.911679490288983,large,MEDIUM,SF -2.0,True
2020,4,DEN,NYJ,1.0,-2.9067375390142742,-3.9067375390142742,large,MEDIUM,DEN -1.0,True
2019,11,NO,TB,-5.0,-1.0933283359755748,3.906671664024425,large,MEDIUM,TB -5.0,False
2023,6,BAL,TEN,-5.5,-9.405021777846814,-3.905021777846814,large,MEDIUM,BAL +5.5,True
2023,2,LV,BUF,7.5,11.401275301042784,3.9012753010427836,large,MEDIUM,BUF +7.5,True
2023,5,NO,NE,2.5,-1.399096414491119,-3.899096414491119,large,MEDIUM,NO -2.5,True
2024,10,BUF,IND,-4.5,-8.397313634588151,-3.8973136345881514,large,MEDIUM,BUF +4.5,True
2023,12,CLE,DEN,1.5,5.396601596805727,3.896601596805727,large,MEDIUM,DEN +1.5,True
2023,10,CLE,BAL,6.0,9.889807677637767,3.8898076776377675,large,MEDIUM,BAL +6.0,False
2021,12,LAC,DEN,-2.5,1.389025146412604,3.889025146412604,large,MEDIUM,DEN -2.5,True
2020,17,NYJ,NE,3.0,6.883223027765589,3.883223027765589,large,MEDIUM,NE +3.0,True
2023,2,CLE,PIT,-2.5,1.3820266396222547,3.8820266396222545,large,MEDIUM,PIT -2.5,True
2023,6,SF,CLE,-9.5,-5.620315866128525,3.879684133871475,large,MEDIUM,CLE -9.5,True
2024,4,LA,CHI,3.0,-0.8723321271643415,-3.8723321271643414,large,MEDIUM,LA -3.0,False
2019,9,TEN,CAR,3.5,-0.3714028313739061,-3.871402831373906,large,MEDIUM,TEN -3.5,False
2024,1,LV,LAC,3.0,6.868606363234653,3.868606363234653,large,MEDIUM,LAC +3.0,True
2019,17,SF,SEA,-3.5,0.3669570883712686,3.8669570883712687,large,MEDIUM,SEA -3.5,False
2021,5,NO,WAS,-2.5,1.362311112401686,3.8623111124016862,large,MEDIUM,WAS -2.5,False
2019,2,SEA,PIT,4.0,0.1405829214783088,-3.859417078521691,large,MEDIUM,SEA -4.0,True
2021,5,IND,BAL,7.5,11.356104830167174,3.8561048301671743,large,MEDIUM,BAL +7.5,True
2022,8,LV,NO,-1.0,2.8395987873492183,3.8395987873492183,large,MEDIUM,NO -1.0,True
2018,1,JAX,NYG,-2.5,1.3354127795299535,3.8354127795299533,large,MEDIUM,NYG -2.5,False
2023,15,DAL,BUF,2.0,5.835212809354212,3.8352128093542124,large,MEDIUM,BUF +2.0,True
2023,4,MIN,CAR,-4.5,-8.333430642796706,-3.8334306427967064,large,MEDIUM,MIN +4.5,True
2019,5,NYJ,PHI,14.0,10.182318926847357,-3.8176810731526434,large,MEDIUM,NYJ -14.0,False
2024,18,CIN,PIT,-2.5,1.3146175564416445,3.8146175564416445,large,MEDIUM,PIT -2.5,False
2023,9,MIN,ATL,3.5,-0.3143062014128454,-3.8143062014128453,large,MEDIUM,MIN -3.5,True
2021,11,WAS,CAR,3.5,-0.311671845569102,-3.811671845569102,large,MEDIUM,WAS -3.5,True
2019,4,JAX,DEN,2.5,6.310572736576291,3.810572736576291,large,MEDIUM,DEN +2.5,False
2022,18,NE,BUF,8.0,11.808985337909863,3.8089853379098635,large,MEDIUM,BUF +8.0,True
2024,7,SEA,ATL,3.0,-0.8039180597964871,-3.8039180597964872,large,MEDIUM,SEA -3.0,True
2023,11,CIN,BAL,4.0,7.781930925066048,3.7819309250660478,large,MEDIUM,BAL +4.0,True
2019,6,HOU,KC,3.5,7.279494624620657,3.779494624620657,large,MEDIUM,KC +3.5,False
2022,9,IND,NE,5.0,1.2232134896012867,-3.776786510398713,large,MEDIUM,IND -5.0,False
2018,4,CIN,ATL,3.5,-0.2722684532847522,-3.7722684532847524,large,MEDIUM,CIN -3.5,True
2024,3,PHI,NO,2.5,-1.2676707900253992,-3.767670790025399,large,MEDIUM,PHI -2.5,True
2020,12,ARI,NE,-1.0,2.760625137332683,3.760625137332683,large,MEDIUM,NE -1.0,True
2021,7,IND,SF,3.5,7.253272867597436,3.7532728675974356,large,MEDIUM,SF +3.5,False
2023,7,ATL,TB,3.0,6.750711727601967,3.750711727601967,large,MEDIUM,TB +3.0,False
2024,1,MIN,NYG,-1.0,-4.750142373390483,-3.7501423733904833,large,MEDIUM,MIN +1.0,True
2018,5,BAL,CLE,-3.0,-6.743351979314441,-3.7433519793144407,large,MEDIUM,BAL +3.0,False
2023,2,KC,JAX,-3.5,-7.240767562569879,-3.7407675625698786,large,MEDIUM,KC +3.5,True
2022,15,PHI,CHI,-8.5,-4.759751725598202,3.7402482744017984,large,MEDIUM,CHI -8.5,False
2020,15,CAR,GB,9.5,13.239054477242965,3.7390544772429646,large,MEDIUM,GB +9.5,True
2022,16,SEA,KC,10.5,6.762189089872692,-3.7378109101273083,large,MEDIUM,SEA -10.5,False
2020,11,CIN,WAS,2.0,-1.7376926543160427,-3.7376926543160427,large,MEDIUM,CIN -2.0,False
2022,8,DEN,JAX,1.0,-2.7308479640132144,-3.7308479640132144,large,MEDIUM,DEN -1.0,True
2022,3,LA,ARI,-3.5,0.2240165999921045,3.7240165999921047,large,MEDIUM,ARI -3.5,False
2023,17,NYJ,CLE,6.5,2.7797541718390004,-3.7202458281609996,large,MEDIUM,NYJ -6.5,False
2024,4,NO,ATL,2.5,-1.2138882515731229,-3.713888251573123,large,MEDIUM,NO -2.5,False
2023,10,SF,JAX,-3.0,-6.711708535477486,-3.711708535477486,large,MEDIUM,SF +3.0,True
2021,15,NE,IND,-1.0,2.7076876018122182,3.7076876018122182,large,MEDIUM,IND -1.0,True
2022,4,LA,SF,1.0,4.70370847579623,3.7037084757962297,large,MEDIUM,SF +1.0,True
2022,15,TEN,LAC,3.0,6.693686655120064,3.6936866551200644,large,MEDIUM,LAC +3.0,True
2024,13,LV,KC,13.5,9.807118609760572,-3.692881390239428,large,MEDIUM,LV -13.5,False
2018,5,GB,DET,1.0,-2.685212538435134,-3.685212538435134,large,MEDIUM,GB -1.0,False
2021,15,MIN,CHI,-7.0,-3.3218271929691987,3.6781728070308013,large,MEDIUM,CHI -7.0,False
2024,1,BAL,KC,3.0,-0.6767576661800094,-3.676757666180009,large,MEDIUM,BAL -3.0,False
2022,1,BUF,LA,-1.0,-4.673160193225704,-3.673160193225704,large,MEDIUM,BUF +1.0,True
2019,12,GB,SF,3.0,-0.6728646286078842,-3.672864628607884,large,MEDIUM,GB -3.0,False
2024,15,MIA,HOU,2.5,-1.1638290975427772,-3.663829097542777,large,MEDIUM,MIA -2.5,False
2024,6,WAS,BAL,6.5,10.161538273966784,3.6615382739667837,large,MEDIUM,BAL +6.5,True
2020,4,NO,DET,-3.0,0.6586683616236049,3.658668361623605,large,MEDIUM,DET -3.0,False
2021,3,WAS,BUF,7.5,11.149743372131171,3.649743372131171,large,MEDIUM,BUF +7.5,True
2023,4,TB,NO,4.0,0.3536266050667048,-3.646373394933295,large,MEDIUM,TB -4.0,True
2019,11,ARI,SF,10.0,6.358265026874862,-3.6417349731251383,large,MEDIUM,ARI -10.0,False
2023,13,DEN,HOU,3.5,-0.1392760145629125,-3.6392760145629124,large,MEDIUM,DEN -3.5,False
2019,13,TEN,IND,-1.0,2.6331876461025785,3.6331876461025785,large,MEDIUM,IND -1.0,False
2018,11,MIN,CHI,2.5,-1.1315749795488816,-3.6315749795488816,large,MEDIUM,MIN -2.5,False
2024,5,CAR,CHI,4.0,7.628881750986107,3.628881750986107,large,MEDIUM,CHI +4.0,True
2023,2,NO,CAR,-3.0,-6.625111234329571,-3.6251112343295713,large,MEDIUM,NO +3.0,True
2018,9,LA,NO,-2.5,1.1192363699088652,3.619236369908865,large,MEDIUM,NO -2.5,True
2024,11,LA,NE,-4.0,-0.4034141723666387,3.596585827633361,large,MEDIUM,NE -4.0,False
2018,3,GB,WAS,-2.5,-6.089656245420235,-3.589656245420235,large,MEDIUM,GB +2.5,False
2024,1,ARI,BUF,6.5,10.084863046445813,3.584863046445813,large,MEDIUM,BUF +6.5,True
2019,7,MIN,DET,-2.5,1.0840504344826771,3.584050434482677,large,MEDIUM,DET -2.5,False
2019,9,HOU,JAX,1.0,-2.5744970562192857,-3.5744970562192857,large,MEDIUM,HOU -1.0,True
2021,2,BUF,MIA,-3.5,-7.070324016187485,-3.5703240161874854,large,MEDIUM,BUF +3.5,True
2024,15,BUF,DET,2.5,-1.0683437928202162,-3.568343792820216,large,MEDIUM,BUF -2.5,True
2021,6,LA,NYG,-7.5,-3.938740835226567,3.561259164773433,large,MEDIUM,NYG -7.5,False
2021,16,MIA,NO,-3.0,0.5563229871553217,3.5563229871553217,large,MEDIUM,NO -3.0,False
2022,18,CAR,NO,3.5,7.053586311606487,3.5535863116064874,large,MEDIUM,NO +3.5,False
2023,9,NYG,LV,1.0,4.548452103234801,3.5484521032348013,large,MEDIUM,LV +1.0,True
2020,5,LAC,NO,7.0,3.4517794929891035,-3.5482205070108965,large,MEDIUM,LAC -7.0,False
2022,3,ATL,SEA,1.0,4.5420771396213695,3.5420771396213695,large,MEDIUM,SEA +1.0,False
2019,8,TB,TEN,2.0,-1.537845207850646,-3.537845207850646,large,MEDIUM,TB -2.0,False
2023,1,CAR,ATL,3.5,7.035065505943848,3.535065505943848,large,MEDIUM,ATL +3.5,True
2023,11,NYG,WAS,7.5,3.965085752174241,-3.534914247825759,large,MEDIUM,NYG -7.5,True
2023,12,NE,NYG,-4.5,-0.9685359471959848,3.531464052804015,large,MEDIUM,NYG -4.5,True
2023,17,NE,BUF,15.0,11.471421607851209,-3.528578392148791,large,MEDIUM,NE -15.0,False
2021,14,BUF,TB,3.5,-0.0282872540658736,-3.5282872540658734,large,MEDIUM,BUF -3.5,False
2024,2,CHI,HOU,6.0,2.474346135159988,-3.525653864840012,large,MEDIUM,CHI -6.0,False
2022,9,LA,TB,3.0,6.5234460902305695,3.5234460902305695,large,MEDIUM,TB +3.0,True
2024,11,ATL,DEN,2.0,5.520717320648211,3.5207173206482114,large,MEDIUM,DEN +2.0,True
2024,6,TB,NO,-3.5,0.0196556725998077,3.5196556725998076,large,MEDIUM,NO -3.5,False
2024,7,TEN,BUF,9.5,13.018662024382698,3.5186620243826976,large,MEDIUM,BUF +9.5,True
2024,12,TEN,HOU,8.0,4.487344975282124,-3.5126550247178763,large,MEDIUM,TEN -8.0,True
2024,8,BAL,CLE,-7.5,-10.999425538057872,-3.4994255380578725,large,MEDIUM,BAL +7.5,False
2018,13,LAC,PIT,3.5,0.001318740812199,-3.498681259187801,large,MEDIUM,LAC -3.5,True
2024,7,DEN,NO,-2.5,0.9949194516702252,3.494919451670225,large,MEDIUM,NO -2.5,False
2020,5,LA,WAS,-7.0,-3.505112126523368,3.494887873476632,large,MEDIUM,WAS -7.0,False
2024,15,NE,ARI,6.0,2.5060039234294806,-3.4939960765705194,large,MEDIUM,NE -6.0,False
2020,13,PHI,GB,8.0,4.508727335002876,-3.4912726649971244,large,MEDIUM,PHI -8.0,False
2024,13,NYG,DAL,4.5,7.981866709579092,3.4818667095790916,large,MEDIUM,DAL +4.5,True
2021,11,IND,BUF,7.5,10.979870887168383,3.479870887168383,large,MEDIUM,BUF +7.5,False
2020,8,LA,MIA,-3.5,-0.0261858799688226,3.4738141200311774,large,MEDIUM,MIA -3.5,True
2020,12,LAC,BUF,4.5,7.970820632940171,3.470820632940171,large,MEDIUM,BUF +4.5,True
2023,10,IND,NE,-1.0,2.4682600139581554,3.4682600139581554,large,MEDIUM,NE -1.0,False
2022,11,KC,LAC,-5.5,-2.034577456546742,3.465422543453258,large,MEDIUM,LAC -5.5,False
2022,14,NE,ARI,-2.0,1.4440296773781551,3.444029677378155,large,MEDIUM,ARI -2.0,False
2024,16,CLE,CIN,10.0,6.558494238617826,-3.4415057613821736,large,MEDIUM,CLE -10.0,False
2024,2,TB,DET,7.5,4.059452282453026,-3.4405477175469743,large,MEDIUM,TB -7.5,True
2023,17,LAC,DEN,3.5,0.0638223066560117,-3.4361776933439883,large,MEDIUM,LAC -3.5,False
2022,4,DEN,LV,2.5,-0.9356736133302276,-3.4356736133302275,large,MEDIUM,DEN -2.5,False
2018,5,ATL,PIT,3.5,6.934354627820272,3.434354627820272,large,MEDIUM,PIT +3.5,True
2019,1,PIT,NE,5.5,2.0686480295997187,-3.4313519704002813,large,MEDIUM,PIT -5.5,False
2024,9,NE,TEN,3.0,-0.4277950545074092,-3.427795054507409,large,MEDIUM,NE -3.0,False
2021,5,CLE,LAC,2.5,5.924943863606982,3.424943863606982,large,MEDIUM,LAC +2.5,True
2020,5,TB,CHI,-3.5,-6.924300390842365,-3.4243003908423653,large,MEDIUM,TB +3.5,False
2022,18,NYJ,MIA,3.5,6.91726440922005,3.41726440922005,large,MEDIUM,MIA +3.5,True
2018,15,TEN,NYG,-2.5,0.9070442966786232,3.407044296678623,large,MEDIUM,NYG -2.5,False
2018,16,PIT,NO,6.5,3.093965163107908,-3.406034836892092,large,MEDIUM,PIT -6.5,False
2024,12,DEN,LV,-6.5,-3.1006476886189547,3.3993523113810453,large,MEDIUM,LV -6.5,False
2018,5,OAK,LAC,5.5,8.899180050941794,3.399180050941794,large,MEDIUM,LAC +5.5,True
2024,16,NYG,ATL,9.5,6.106029564291159,-3.393970435708841,large,MEDIUM,NYG -9.5,False
2019,4,TB,LA,9.0,5.60981141927892,-3.3901885807210803,large,MEDIUM,TB -9.0,True
2020,2,BUF,MIA,-5.5,-8.876897292049554,-3.376897292049554,large,MEDIUM,BUF +5.5,True
2021,13,SF,SEA,-3.0,0.3669570883712686,3.3669570883712687,large,MEDIUM,SEA -3.0,True
2018,17,PHI,WAS,-6.0,-2.649587908289006,3.350412091710994,large,MEDIUM,WAS -6.0,False
2018,12,ATL,NO,11.5,8.149746639857444,-3.350253360142556,large,MEDIUM,ATL -11.5,False
2023,18,PHI,NYG,-4.5,-7.849717265313227,-3.3497172653132274,large,MEDIUM,PHI +4.5,False
2024,2,SF,MIN,-4.5,-1.1536027537174407,3.3463972462825593,large,MEDIUM,MIN -4.5,True
2022,4,CHI,NYG,3.0,-0.3456506226729338,-3.3456506226729337,large,MEDIUM,CHI -3.0,False
2019,13,NE,HOU,-3.5,-0.1570869232718823,3.342913076728118,large,MEDIUM,HOU -3.5,True
2020,3,MIA,JAX,3.0,-0.3423673473267049,-3.342367347326705,large,MEDIUM,MIA -3.0,True
2021,16,CLE,GB,7.5,10.842031105584088,3.3420311055840877,large,MEDIUM,GB +7.5,True
2020,13,DET,CHI,3.0,-0.3370522629608217,-3.337052262960822,large,MEDIUM,DET -3.0,True
2022,13,IND,DAL,11.0,7.66591561585809,-3.33408438414191,large,MEDIUM,IND -11.0,False
2021,2,LA,IND,-4.0,-0.6709912407304698,3.3290087592695303,large,MEDIUM,IND -4.0,False
2022,2,IND,JAX,-3.0,0.3241176862489943,3.3241176862489943,large,MEDIUM,JAX -3.0,True
2021,1,ARI,TEN,2.5,-0.822497939472951,-3.3224979394729512,large,MEDIUM,ARI -2.5,True
2018,3,DEN,BAL,5.5,8.819250286221482,3.3192502862214823,large,MEDIUM,BAL +5.5,True
2023,9,SEA,BAL,6.0,9.317519907123438,3.3175199071234385,large,MEDIUM,BAL +6.0,True
2018,11,HOU,WAS,-3.0,0.3152018624893121,3.315201862489312,large,MEDIUM,WAS -3.0,False
2023,3,BUF,WAS,-5.5,-8.812435532931609,-3.312435532931609,large,MEDIUM,BUF +5.5,True
2022,13,DEN,BAL,9.5,6.1887997856653065,-3.3112002143346935,large,MEDIUM,DEN -9.5,False
2020,1,IND,JAX,-7.0,-3.694432774655861,3.305567225344139,large,MEDIUM,JAX -7.0,True
2018,1,KC,LAC,3.5,0.200491283592992,-3.299508716407008,large,MEDIUM,KC -3.5,True
2023,8,ATL,TEN,-2.5,0.7967366836938058,3.2967366836938057,large,MEDIUM,TEN -2.5,True
2019,5,CLE,SF,5.0,8.290593325905467,3.2905933259054674,large,MEDIUM,SF +5.0,True
2022,7,TB,CAR,-13.0,-9.71198961905261,3.288010380947391,large,MEDIUM,CAR -13.0,True
2024,16,NE,BUF,14.0,10.712293818804556,-3.2877061811954444,large,MEDIUM,NE -14.0,False
2021,1,CHI,LA,9.5,6.214148617707855,-3.2858513822921447,large,MEDIUM,CHI -9.5,False
2022,2,SEA,SF,8.5,5.214687944553696,-3.285312055446304,large,MEDIUM,SEA -8.5,False
2020,6,CLE,PIT,3.0,6.282758193488179,3.2827581934881787,large,MEDIUM,PIT +3.0,True
2020,17,ATL,TB,7.5,10.7619273746719,3.2619273746719006,large,MEDIUM,TB +7.5,True
2021,6,HOU,IND,10.5,7.238405786128366,-3.261594213871634,large,MEDIUM,HOU -10.5,False
2018,10,NO,CIN,-5.5,-2.24175873336048,3.25824126663952,large,MEDIUM,CIN -5.5,False
2021,2,DAL,LAC,3.0,-0.2570346725152213,-3.2570346725152213,large,MEDIUM,DAL -3.0,True
2023,18,MIN,DET,3.5,6.748496634001966,3.248496634001966,large,MEDIUM,DET +3.5,True
2019,1,TEN,CLE,5.5,2.254411337222056,-3.245588662777944,large,MEDIUM,TEN -5.5,True
2024,3,WAS,CIN,7.5,4.258180499971475,-3.241819500028525,large,MEDIUM,WAS -7.5,True
2023,18,SEA,ARI,-2.5,0.734996068749572,3.234996068749572,large,MEDIUM,ARI -2.5,False
2021,17,NYG,CHI,7.0,3.768785625243028,-3.231214374756972,large,MEDIUM,NYG -7.0,False
2018,13,CHI,NYG,-3.5,-0.2756273201317478,3.224372679868252,large,MEDIUM,NYG -3.5,True
2023,12,LA,ARI,-3.0,0.2240165999921045,3.2240165999921047,large,MEDIUM,ARI -3.0,False
2022,18,KC,LV,-9.0,-5.77956414435379,3.22043585564621,large,MEDIUM,LV -9.0,False
2024,11,GB,CHI,-6.0,-2.799184185658661,3.200815814341339,large,MEDIUM,CHI -6.0,False
2022,15,ARI,DEN,1.5,4.699951715879479,3.199951715879479,large,MEDIUM,DEN +1.5,True
2021,5,NYG,DAL,7.5,10.699454777893113,3.199454777893113,large,MEDIUM,DAL +7.5,True
2023,8,MIN,GB,-1.0,2.1981150780787537,3.1981150780787537,large,MEDIUM,GB -1.0,False
2019,9,GB,LAC,-4.0,-0.8034453507666344,3.1965546492333656,large,MEDIUM,LAC -4.0,True
2022,3,HOU,CHI,3.0,6.194879965375939,3.1948799653759394,large,MEDIUM,CHI +3.0,True
2022,9,TEN,KC,14.0,10.809000886807862,-3.190999113192138,large,MEDIUM,TEN -14.0,False
2022,15,IND,MIN,3.5,6.678132061331426,3.178132061331426,large,MEDIUM,MIN +3.5,True
2019,9,IND,PIT,1.0,4.177421364577571,3.1774213645775706,large,MEDIUM,PIT +1.0,True
2022,4,JAX,PHI,6.5,9.670512058782167,3.170512058782167,large,MEDIUM,PHI +6.5,True
2021,2,DEN,JAX,-6.0,-2.838068950294268,3.161931049705732,large,MEDIUM,JAX -6.0,False
2023,3,CHI,KC,13.0,9.844299833668858,-3.155700166331142,large,MEDIUM,CHI -13.0,False
2022,7,PIT,MIA,7.5,4.345656856258706,-3.1543431437412943,large,MEDIUM,PIT -7.5,False
2019,16,ARI,SEA,8.0,4.846648964175393,-3.153351035824607,large,MEDIUM,ARI -8.0,True
2023,18,TB,CAR,-5.0,-8.150057780333603,-3.1500577803336025,large,MEDIUM,TB +5.0,True
2024,4,CIN,CAR,-4.5,-7.647250240379632,-3.1472502403796323,large,MEDIUM,CIN +4.5,True
2024,3,DEN,TB,6.0,2.8538369301411546,-3.1461630698588454,large,MEDIUM,DEN -6.0,True
2022,1,NE,MIA,3.0,6.144521948081112,3.1445219480811124,large,MEDIUM,MIA +3.0,True
2024,17,SEA,CHI,-3.5,-0.3613526584068738,3.138647341593126,large,MEDIUM,CHI -3.5,False
2024,16,PHI,WAS,-4.0,-0.8631817692532614,3.1368182307467385,large,MEDIUM,WAS -4.0,True
2018,9,NYJ,MIA,3.0,6.136257735137737,3.136257735137737,large,MEDIUM,MIA +3.0,True
2023,1,TEN,NO,3.0,6.133191515712226,3.133191515712226,large,MEDIUM,NO +3.0,True
2023,1,LA,SEA,4.5,1.3675936823132693,-3.1324063176867307,large,MEDIUM,LA -4.5,True
2020,6,DEN,NE,7.0,3.8691324968317713,-3.1308675031682287,large,MEDIUM,DEN -7.0,True
2018,8,IND,OAK,-3.5,-0.3758841030913743,3.124115896908626,large,MEDIUM,OAK -3.5,False
2024,15,NYJ,JAX,-3.5,-0.380501230482438,3.1194987695175618,large,MEDIUM,JAX -3.5,False
2019,14,PIT,ARI,-2.5,0.6179233042356246,3.1179233042356245,large,MEDIUM,ARI -2.5,False
2019,10,SEA,SF,6.5,3.390189213770205,-3.109810786229795,large,MEDIUM,SEA -6.5,True
2018,16,HOU,PHI,1.0,4.101573102473028,3.1015731024730284,large,MEDIUM,PHI +1.0,True
2023,3,DEN,MIA,6.0,2.903126234050602,-3.096873765949398,large,MEDIUM,DEN -6.0,False
2024,1,HOU,IND,-3.0,0.0948690227640165,3.0948690227640165,large,MEDIUM,IND -3.0,False
2022,13,GB,CHI,-4.0,-7.091090165887009,-3.0910901658870094,large,MEDIUM,GB +4.0,True
2024,16,TB,DAL,-4.5,-1.4390786594047125,3.0609213405952875,large,MEDIUM,DAL -4.5,True
2024,16,MIN,SEA,-2.5,0.5561921441493535,3.0561921441493536,large,MEDIUM,SEA -2.5,False
2021,6,ARI,CLE,3.0,-0.0537551479598679,-3.0537551479598677,large,MEDIUM,ARI -3.0,True
2020,2,JAX,TEN,7.0,3.947623106669708,-3.052376893330292,large,MEDIUM,JAX -7.0,False
2022,3,DAL,NYG,1.0,-2.045026293774318,-3.045026293774318,large,MEDIUM,DAL -1.0,True
2023,13,CLE,LA,3.5,6.534718985607115,3.034718985607115,large,MEDIUM,LA +3.5,True
2023,1,DAL,NYG,-3.5,-6.533834521239532,-3.033834521239532,large,MEDIUM,DAL +3.5,True
2024,6,PIT,LV,-3.5,-0.4703903402276405,3.0296096597723596,large,MEDIUM,LV -3.5,False
2021,6,BUF,TEN,-6.0,-9.028787834848028,-3.0287878348480284,large,MEDIUM,BUF +6.0,False
2022,10,ARI,LA,3.5,6.527427651214053,3.0274276512140528,large,MEDIUM,LA +3.5,False
2019,8,CLE,NE,9.5,6.47283307201716,-3.02716692798284,large,MEDIUM,CLE -9.5,False
2021,9,ARI,SF,5.5,8.5169307920315,3.0169307920315003,large,MEDIUM,SF +5.5,False
2020,4,NYG,LA,13.5,10.487916122875284,-3.0120838771247165,large,MEDIUM,NYG -13.5,False
